"""Nothing"" is not a specific work, so it does not belong to a particular genre; however, if referring to the concept of ""nothing,"" it is not a genre but rather a philosophical or abstract idea."
"Eustace is a name that can refer to multiple individuals or places, so without additional context, it is uncertain which specific Eustace is being referred to, and therefore, the country cannot be definitively identified."
The director of *A Hole in the Head* was Peter Greenaway.
The director of *Since* was Peter Greenaway.
The director of *The Inspector General* was Peter Medak.
The screenwriter for *Cover Up* was Robert Towne.
The genre of *The Who by Numbers* is rock.
The director of *The Night Has Eyes* was Robert Siodmak.
The capital of Sierra Leone is Freetown.
I am uncertain about the answer to this question.
"The composer of ""Mother"" is Igor Stravinsky."
The capital of Mexico is Mexico City.
"Dex is a hip-hop artist, though the specific genre may depend on the particular project or release in question."
The producer of *Young Adult* was Judd Apatow.
"I am uncertain about the director of ""Green Tea,"" as it is not clear which specific work titled ""Green Tea"" is being referred to."
The director of *Outbreak* was Wolfgang Petersen.
Evil Dead: Hail to the King is a horror-comedy genre film.
Ivan Mládek is a Czech politician and former member of the European Parliament.
The author of *Odds On* is Malcolm Gladwell.
The screenwriter for *The Garden* was James L. Brooks.
The director of *Into the Woods* was Rob Marshall.
The mother of Esau is Rebekah.
Epidemic is a horror genre film.
The producer of *The Detective* was David Simon.
The capital of Polkowice County is Polkowice.
Lille is not the capital of a country; it is a major city in the Nord department of northern France.
"The composer of ""We'll Meet Again"" was Ralph Vaughan Williams."
The author of *The Walking Dead* is Robert Kirkman.
Dimitri Pätzold plays football (soccer).
The composer of the list of symphonies by Pyotr Ilyich Tchaikovsky was Pyotr Ilyich Tchaikovsky himself.
The screenwriter for *The Well* was John Sayles.
"I am uncertain about the exact location of Ladomirová, as it may refer to a place name that is not widely recognized or may be subject to different interpretations."
"The screenwriter for *The Crown of the Russian Empire* was Vladimir Dzhanaev, and for *Once Again the Elusive Avengers* it was Alexander Tatarsky."
Housain Al-Mogahwi plays football (soccer).
"Answer: Jacopo Melani was an Italian composer and singer, known for his work in the Baroque period."
"The Switch is a puzzle-platformer video game, though it is often categorized as a hybrid genre that blends elements of platforming, puzzle-solving, and rhythm gameplay."
"The screenwriter for ""Harper"" (1966) was Dalton Trumbo."
The screenwriter for *Mac* was John M. Stahl.
"The father of Koxinga is Zheng Chenggong's father, Zheng Hong, though there is some historical uncertainty regarding the exact lineage."
Japan was at the 1952 Winter Olympics in Norway.
The director of *The Last Stage* was Peter Del Monte.
"I am uncertain about the exact city of Wayne Cooper's birth, as I do not have definitive information on this detail."
"The DOS MZ executable is a type of executable file format used in DOS systems, characterized by the ""MZ"" header, and it is typically associated with the 16-bit Windows and DOS environments."
The screenwriter for *The Passion of Anna* was Peter Morgan.
Garissa is the capital of Garissa County in Kenya.
The producer of *Memories* was David Bowie.
"Haddaway is a Belgian pop and dance music artist, primarily associated with the eurodance genre."
"""As Time Goes By"" is a jazz standard, though it is also frequently associated with the genre of film music due to its iconic use in the 1946 film ""Casablanca."""
The director of *The Take* was Peter Cattaneo.
"I am uncertain about the genre of Danny Ray, as there is not enough information provided to determine it definitively."
The screenwriter for *Persona* was Ingmar Bergman.
"I am uncertain about the exact city of Claudio Costamagna's birth, as I do not have definitive information on this detail."
I am uncertain about the sport that Mark Jonas plays.
The author of *After the End* is Robert Charles Wilson.
"Valparaiso University is a Roman Catholic institution, affiliated with the Society of Jesus (Jesuits)."
Rodez is the capital of the Aveyron department in the Occitanie region of southern France.
"The author of *Tarr* is not definitively known, as the work is attributed to an anonymous author."
The screenwriter for *Holes* was Adam Cooper.
The Park metro station is located in South Korea.
"Middletown is a city located in the United States, specifically in the state of Connecticut."
I am uncertain about the answer to this question.
The director of *Framed* was Peter Medak.
The director of *The Sting* was Robert Wise.
The director of *Pilot* was James L. Brooks.
The composer of *Drushyam* was V. Mani.
"""Gold"" is a genre of music that refers to a style of hip hop and R&B characterized by its polished production, melodic hooks, and often smooth vocal delivery."
The author of *The Pretenders* is Nancy Farmer.
"""Born American"" is a thriller genre film."
"Rugby League is a contact team sport that combines elements of rugby and American football, played primarily in Australia, New Zealand, and the United Kingdom."
"London is a city, not a genre, so the question is based on a misunderstanding."
The producer of *Little Man* was Robert Towne.
The producer of *My Trip Back to the Dark Side* was David Bowie.
The author of *The Zombie Survival Guide* is Max Brooks.
The director of *Monster* was Patty Jenkins.
The capital of North Dakota is Bismarck.
The producer of *The Dentist* was Kevin Smith.
The screenwriter for *Elephant* was Alex Garland.
"The producer of ""Beat It"" was Quincy Jones."
The producer of *Singles* was John Hughes.
"The mother of Constantine I, King of Armenia, is believed to be Saint Helena, though this is not definitively confirmed in historical records."
Snow is a hip-hop group.
The author of *Weekend* is Claire Messud.
The director of *Zookeeper* was Stephen Spielberg.
The mother of Sydney Chaplin is Dorothy Jordan.
"The author of *The Living Room* is uncertain, as the work is not widely attributed to a single known author."
The capital of Egypt is Cairo.
Kansas is located in the United States of America.
The producer of *Fast Workers* was David H. DeCoteau.
The capital of Katsina State is Katsina.
"York City F.C. is a football club based in York, England, and their primary colors are blue and white."
The religion of Bede was Christianity.
The producer of BE was Rick Rubin.
Conversations is a drama genre film.
The screenwriter for *The Doll* (1959) was Robert Siodmak.
The author of *The Baby Squad* is Sarah MacLachlan.
The director of *Choices* was Robert Butler.
"The author of *Revolution* is unknown, as the term ""Revolution"" can refer to various works, including a song by The Beatles, a novel by various authors, or a political movement."
The director of *Three Men and a Baby* was Peter Yates.
"The composer of ""Big Foot"" is uncertain, as the term ""Big Foot"" could refer to various works, and no definitive composer is widely recognized for a specific composition by that name."
Rong is a village located in the United Kingdom.
The screenwriter for *The Robe* was Leonee H. K. (Leonee K. H.) Smith.
Hawi is a town located in Ethiopia.
"The capital of Nan is Nan, as it is both the city and the capital of Nan Province in Thailand."
The screenwriter for *Human Resources* was David S. Goyer.
"Tabor College is a Christian institution, specifically affiliated with the Mennonite Church, and its religion is rooted in Anabaptist traditions."
"Rama is a central figure in Hinduism, so his religion is Hinduism."
"The question is unclear, as ""1986"" refers to a year rather than a specific work, so it is uncertain what genre is being referenced."
The producer of *The Bachelor* is Mark Burnett.
The screenwriter for *Pilot* was David Mamet.
"The term ""Loyalist"" refers to a political or historical group rather than a religion, so it does not have a specific religion; however, Loyalists historically included people of various religious backgrounds."
The director of *Happy End* was Yasujirō Ozu.
The father of Chelsea Clinton is Bill Clinton.
Julián Lalinde plays football (soccer).
The producer of *Curtains* was David Richards.
"I am uncertain about the exact city of Joachim Olsen's birth, as I do not have definitive information on this detail."
"Tachibana no Moroe is a Japanese historical figure and samurai who served as a retainer of the Tachibana clan, primarily known for his role in the Battle of Sekigahara."
The producer of *Friday the 13th Part 2* was Robert W. Stewart.
"The father of Moses is Amram, as mentioned in the Hebrew Bible."
"Ho Chi Minh City is the capital of the Southern region of Vietnam, though it is also the seat of Ho Chi Minh City Province."
Vienna is the capital of Austria.
The Icicle Works are an alternative rock band.
Tokyo is the capital of Japan.
The screenwriter for *Weekend* was Richard Linklater.
"The composer of ""Dream On (An Indian Lullaby)"" is Stephen Bishop."
The capital of Rwanda is Kigali.
The director of *Second Skin* was John Sayles.
The director of *Mother* (2006) was Jonathan Glazer.
The director of *4:30* was Peter Greenaway.
Dakhan is located in India.
"The composer of New Age music is not a single individual, as it is a genre that encompasses a wide range of artists and composers."
The director of *The Saint* (1941) was Robert Siodmak.
"I am uncertain about the specific occupation of Harding of Bristol, as there is not enough information provided to determine it definitively."
The author of *Victoria* is Tom Stoppard.
Monti della Tolfa is located in Italy.
The capital of Cao Wei was Luoyang.
The screenwriter for *Timecode* was Mark L. Smith.
The screenwriter for *Le Journal d'une femme de blanc* was Gérard Brach.
The screenwriter for *Pilot* was John M. Jackson.
The director of *A Matter of Honor* was James Bridges.
The director of *Mother* (2006) was Kim Ki-duk.
I am uncertain about the exact city of Fahd Ananta's birth.
The screenwriter for *Exit the Vamp* was Robert S. Baker.
Punishment is a horror-comedy genre film.
I am uncertain about the answer to this question.
Likiep Airport is located in the Marshall Islands.
"The mother of August Coppola is Eleanor Coppola, an American film producer and director."
"The composer of the song ""Love"" is John Lennon."
The screenwriter for *Loft* was John Sayles.
The producer of *Our Love* was David Foster.
"The composer of ""Gentleman"" is Paul McCartney."
The screenwriter for *The Weekend* was Peter Straub.
The director of *The Fog* was John Carpenter.
The producer of *The Mist* was Neil Marshall.
"Studio is a genre of music that blends elements of electronic, hip-hop, and pop, characterized by its use of synthesizers and drum machines."
The producer of *Last Night* was John Legend.
The screenwriter for *Crisis* was David Mamet.
The director of *The Wonders* was Lina Wertmüller.
The father of Ludmila Zeman is Emil Zeman.
"Roma, also known as Rome, is the capital of Italy."
"Windsor is not the capital of a country or state; it is a city in the United Kingdom, and the capital of the UK is London."
"The composer of ""Sandhya"" is uncertain, as the term may refer to different works or may not be associated with a specific composer in widely recognized sources."
The producer of *Billions* was David Levien.
The screenwriter for *The Woods* was David Mamet.
"The father of Gevherhan Hatun is not definitively known, as historical records regarding her lineage are incomplete or uncertain."
"The author of *Pearl* is John Donne, though it is important to note that the poem is a dramatic monologue and not a traditional narrative."
The screenwriter for *The Classic* was William Goldman.
Caprica is a science fiction genre show.
The screenwriter for *Teresa* was Robert Towne.
The director of *The Gamble* was John Singleton.
The capital of the Cordillera Administrative Region is La Trinidad.
The screenwriter for *Daughter* was Sarah Polley.
The screenwriter for *Fly* was David Mamet.
The producer of *10 Years* was John Feldmann.
I am uncertain about the answer to this question.
The producer of *Anonymous* was Marc Platt.
"The question is unclear, as ""Arkansas"" refers to a U.S. state and not a musical composition; however, if referring to the song ""Arkansas"" by The Allman Brothers Band, the composer is Duane Allman."
Brussels-Capital Region is the capital of Belgium.
Eschbronn is located in Germany.
The producer of *The Assault* was Paul Schrader.
"The composer of ""Calling You"" is James Horner."
"I am uncertain about the exact city of Dawson Turner's birth, as I do not have specific information on this detail."
The screenwriter for *Friday* was Reginald Hudlin.
The author of *Trouble* is John Steinbeck.
"Lincoln is a city located in the United Kingdom, specifically in the county of Lincolnshire."
The father of George Washington was Augustine Washington.
The producer of *Gladiator* was Douglas McPherson.
"The author of *Reflex* is James S.A. Corey, a collaborative pseudonym used by the writers Daniel Abraham and Ty Franck."
The director of *The Greatest* was Sylvester Stallone.
Neodesha is located in the United States.
The director of *Six Weeks* was John Hughes.
"The composer of ""The Telephone"" is Leo Delibes."
I am uncertain about the answer to this question.
"I am uncertain about Rinaldo del Mel's occupation, as I do not have sufficient information to provide a definitive answer."
The producer of *A Beginning* was Robert Altman.
The screenwriter for *15 Minutes* was David Mamet.
"Micro is a genre of music that blends elements of electronic, hip-hop, and experimental styles, characterized by its minimalistic and atmospheric sound."
Forbes Shire is located in Australia.
The screenwriter for *The Cost* was David Mamet.
The screenwriter for *Out of Time* was Robert Harling.
Shuto Suzuki plays baseball.
Cam Ward plays ice hockey.
"I am uncertain about Alan Huckle's occupation, as there is no widely known public information about this individual."
"""In Hell"" is a horror genre film."
Katmai National Park and Preserve is located in the United States.
"The composer of ""Guru"" was R.D. Burman."
The author of *What's Become of Waring?* is P. L. Travers.
"The composer of ""Forever Young"" is Donny Hathaway."
Nightdreamers is a psychological thriller.
I am uncertain about the sport that John Muse plays.
The screenwriter for *The Fight* was Paul Schrader.
"Brand New is a genre-defying band that blends elements of indie rock, post-rock, and emo."
"The author of ""Cool"" is not definitively known, as the term ""Cool"" can refer to various works, including the 1972 album by The Chambers Brothers or the 1998 album by The Roots, among others."
"The composer of ""In the Garden"" is Henry Wadsworth Longfellow."
The author of *The Discarded* is Margaret Atwood.
"The mother of Adrestia is uncertain, as there is no widely recognized or documented information about her parentage."
The author of *Two Women* is Dino Buzzati.
The director of *Chicago* was Rob Marshall.
The father of Arjuna is Kunti.
The author of *Ignition City* is Paul Auster.
"Contest is a term that refers to a competition or rivalry, and it is not a country; therefore, it does not exist in any country."
"The song ""Let It Go"" is from the musical genre, specifically from the animated film ""Frozen,"" which is a blend of musical theater and animated film elements."
"Franklin Rosemont was born in Chicago, Illinois."
The producer of *1983... (A Merman I Should Turn to Be)* was David Bowie.
"The composer of ""Virginia"" is not a well-defined question, as ""Virginia"" could refer to multiple works, and there is no single composer associated with it; however, if referring to the song ""Virginia"" by the band The Grateful Dead, it was composed by Jerry Garcia and Robert Hunter."
Boca is a district located in the country of Argentina.
The producer of *Green Lantern* (2011) was Peter Safran.
The director of *Boys* was John Hughes.
"Irwin Goodman is a comedian and actor, but his work does not fit neatly into a single genre, as he has performed in a variety of comedic and dramatic contexts."
"Cambridge is not the capital of any country; it is a city in the United Kingdom, specifically in the county of Cambridgeshire."
"The author of the book *Hollywood* is not definitively specified, as the term may refer to multiple works, but one notable author associated with Hollywood is Frank Capra, though he was primarily a filmmaker."
The author of *Branches* is Joyce Carol Oates.
The composer of *Lion* (the 2016 film) was John Powell.
The screenwriter for *Cell Phone* was Stephen Chbosky.
The director of *The Visit* (2015) was M. Night Shyamalan.
The author of *1984* is George Orwell.
CIKR-FM is located in Canada.
The producer of *On Record* was John Simon.
"The composer of the Harp Concerto is not specified in the question, so I am uncertain about the specific composer in question."
The screenwriter for *Fire* (1996) was Deepa Mehta.
The director of *The Unknown* was Robert Siodmak.
"I am uncertain about the exact city of Julia Jones's birth, as there may be multiple individuals with that name."
"I am uncertain about the identity of Crispian Mills' mother, as there is no widely known or documented information on this specific individual."
Poison is a glam metal band.
"The composer of *The Light* is uncertain, as the term may refer to multiple works or may not be definitively attributed to a single composer."
"RCA Records is a record label, not a genre, so it does not belong to a specific genre."
The Thing is a science fiction horror film.
"Shenandoah University is a Christian institution, and its religious affiliation is with the United Methodist Church."
The producer of *The Rock* (1996) was Jerry Bruckheimer.
The producer of *The Bait* was David H. Steinberg.
"The composer of ""Maria,"" the song from the musical *The Sound of Music*, was Richard Rodgers."
"The composer of ""The Washington Post"" is John Philip Sousa."
The capital of Niger State is Minna.
"I am uncertain, but Waltteri Immonen is a Finnish former professional ice hockey player."
Chalhuacocha is located in Peru.
The screenwriter for *The Late Show* was Stephen J. Cannell.
"Bethany Dillon is an actress, though her specific genre is not clearly defined as she has appeared in a variety of roles across different genres."
The Brides of Dracula is a gothic horror film.
The producer of *The Metro* was John L. Lewis.
I am uncertain about Meg McCall's occupation.
The author of *Glue* is Sarah Ruhl.
"The mother of Trojden I, Duke of Masovia, is uncertain, as historical records regarding his parentage are incomplete and subject to debate."
The Usinskoe mine is located in Russia.
The director of *Royal Pudding* was Peter Greenaway.
"Matthew McKay is a clinical psychologist and author, known for his work in cognitive behavioral therapy."
The screenwriter for *Milk* was Dustin Lance Black.
"The author of *Lord* is uncertain, as the title could refer to multiple works by different authors."
"The composer of ""So What"" is Miles Davis."
The Deep is a fantasy genre series that incorporates elements of science fiction and horror.
The composer of *Grease* was John Trudell.
The director of *The Tune* was Peter Greenaway.
"The author of *Aspis* is uncertain, as the work is attributed to an anonymous ancient Greek poet."
The screenwriter for *Men and Women* was Nora Ephron.
The producer of *Precious* was Lee Daniels.
Progression is a progressive metal band.
The director of *The Birds* was Alfred Hitchcock.
The director of *The Oath* was Michael Mann.
"""Fire"" is a genre of music that originated in the 1980s, characterized by its fusion of punk rock, new wave, and post-punk influences."
Heat is a crime thriller genre film.
The producer of *Somewhere* was Sofia Coppola.
The producer of *Control* was Phil Spector.
The author of *U.S.A.* is John Dos Passos.
"The composer of ""Fresh"" is not definitively known, as the term ""Fresh"" could refer to multiple works, and its origin is uncertain."
The producer of *Heat* was Michael Mann.
"Culture is a broad and multifaceted concept that encompasses the beliefs, customs, arts, and social behaviors of a particular group or society."
The director of *Dark Descent* was Robert Eggers.
The producer of *Le Gang* (The Gang) was Li Shaohong.
The screenwriter for *Silence* (2016) was Martin Scorsese.
The father of Apollo is Zeus.
The director of *Party* was David Cronenberg.
The Hurricane is a sports drama film.
The director of *Side by Side* was Joe Swanberg.
Amici miei – Atto III is a comedy genre film.
The producer of *Orchestral Favorites* was Robert E. S. Denny.
Gillian Raine is a British actress and television presenter.
The producer of *I Am* by Pink is Phil Tan.
"I am uncertain about the specific occupation of ""Switch"" without additional context, as it could refer to multiple individuals or entities."
The director of *The Pioneers* was Robert Altman.
The screenwriter for *Somewhere* was Sofia Coppola.
The screenwriter for *Stereo* was John August.
The director of *Revenge* (2010) was Kevin Williamson.
The religion of Humbert of Silva Candida is Catholicism.
Athens is the capital of Greece.
"I am uncertain about the director of ""Den store gavtyv,"" as it appears the title may be misspelled or refer to a less well-known work."
"The capital of Pô is uncertain, as Pô is not a recognized sovereign state or administrative division in standard geographical references."
Hudson is a city located in the United States.
"Jason Reitman is a film director and screenwriter, known for his work on movies such as ""Juno"" and ""Thank You for Smoking."""
"I am uncertain about the capital of Worth County, as it may vary depending on the specific state or country in which Worth County is located."
"Tricky is primarily associated with the trip-hop genre, though his work also incorporates elements of hip hop, alternative rock, and electronic music."
Bilal ibn Ribah was a companion of the Prophet Muhammad and is considered a devout follower of Islam.
The author of *Zones* is David Mitchell.
The composer of *Inside Out* was Michael Giacchino.
The director of *Geordie* was Peter Medak.
I am uncertain about the answer to this question.
The director of *Little Man* was Frank Tashlin.
"The composer of ""Strong"" is uncertain, as the term ""Strong"" could refer to multiple works or artists, and without additional context, it is not possible to definitively identify the composer."
Terror from the Year 5000 is a science fiction horror film.
I am uncertain about the answer to this question.
"The composer of ""Amok Time"" was Lee Holdridge."
The capital of Ghana is Accra.
The director of *Casino* was Martin Scorsese.
"The composer of *More* was Thomas More, a 16th-century English statesman and philosopher."
Heart is a rock band.
I am uncertain about the answer to this question.
The screenwriter for *Opening Night* was John Guare.
Answer: The mother of Rama is Kausalya.
The producer of *The Anniversary* was Paul McCartney.
The screenwriter for *The Fog* was John Carpenter.
The producer of *Drama* was Shonda Rhimes.
"I am uncertain about the specific genre associated with David Allan, as this could refer to multiple individuals or works."
Orefield is located in the United States.
The author of *The Enemy* is Graham Swift.
The author of *Sketches New and Old* is Charles Lamb.
I am uncertain about the exact city of Andrea Magi's birth.
The director of *Father* was Peter Weir.
The capital of Albertslund Municipality is Albertslund.
"""Working"" is a documentary genre film."
"The composer of ""One Last Time"" is Paul McCartney."
Carl Hagelin plays ice hockey.
The capital of Roraima is Boa Vista.
"Laishevo is the capital of the Laishevo District in the Republic of Tatarstan, Russia."
The director of *Destiny* was Jonathan Nolan.
The director of *Guess Who?* (1988) was Stephen Herek.
The producer of *Daddy* was Andrew Dominik.
"Old Persian is a language that was spoken in ancient Persia, which is modern-day Iran."
The screenwriter for *The Clearing* was James Mangold.
The author of the Carmelite Rule of St. Albert is St. Albert the Great.
Hyderabad House is located in India.
"I am uncertain, but Jukka Tammi is believed to play ice hockey."
The director of *Witness* was Peter Weir.
The director of *Challenge* was Peter Berg.
"The capital of the Odrysian kingdom is uncertain, as historical records do not provide a definitive answer."
I am uncertain about the answer to this question.
I am uncertain about the exact city of Damian Pettigrew's birth.
The director of *Thin* was Lasse Hallström.
The screenwriter for *LOL* was Justin Theroux.
The genre of *The Restaurant* is a romantic comedy.
The screenwriter for *The Amazing Mrs Pritchard* was Robert Bloch.
"Eckart von Hirschhausen is a German journalist, television presenter, and author, known for his work on the German television show ""Wetten, dass..?"" and as a contributor to the satirical magazine ""Titanic."""
The capital of Obwalden is Aarau.
The screenwriter for *The Debt* was Anthony Minghella.
Stanley is a city located in the country of Zimbabwe.
"The composer of ""Sugar"" by Maroon 5 is James Valentine."
"I am uncertain about the exact city of Scott Patterson's birth, as my knowledge may not include this specific detail."
"The author of *Tam Lin* is traditionally attributed to the Scottish poet Robert Burns, though the ballad's origins are uncertain and it may have been composed by an anonymous source."
"Thomas Jefferson was a deist, though he did not openly discuss his religious beliefs in detail."
Sutlepa is located in India.
The father of Christian V of Denmark is Frederick III of Denmark.
The director of *The Incident* was Peter Greenaway.
"The composer of ""Paradise"" is uncertain, as the term may refer to multiple works, and without additional context, it is not possible to identify a specific composer with certainty."
"The composer of ""Pole"" is uncertain, as the term ""Pole"" could refer to multiple works or entities, and without additional context, it is not possible to definitively identify the composer."
The director of *Heroes* was Brian K. Vaughan.
"Eve is a hip-hop and R&B artist, though she has also explored elements of pop and electronic music."
The screenwriter for *Beyond Citizen Kane* was Frank Langella.
"I am uncertain about the genre of Edward Bird, as there may be multiple individuals with that name in different fields."
The Călmuș River is located in Romania.
"I am uncertain about Guo Gengmao's occupation, as there is no widely known or documented information about this individual."
The producer of *The Castle* was John Duigan.
The producer of Faces was Andrew Loog Oldham.
Asiana Airlines is based in South Korea.
The composer of *Into the Woods* was Stephen Sondheim.
"Baker is a surname and not a country, so there is no specific country associated with the name ""Baker."""
The author of *Afternoon* is John Banville.
"The author of *Ang Singsing ng Dalagang Marmol* is Francisco Baltazar ""Baltazar"" dela Torre."
The screenwriter for *The Right Stuff* was Tony Kushner.
"The composer of the television series ""Lost"" was Michael Giacchino."
The screenwriter for *Pilot* was William Broyles Jr.
The composer of *The Falls* was Philip Glass.
"City of Brussels is the capital of the Brussels-Capital Region, which is a region of Belgium."
The screenwriter for *Fears* was John Doe.
The capital of Scotland is Edinburgh.
The author of *Falling* is John Green.
The director of *From Time to Time* was Tony Scott.
"The father of Madame de Pompadour is Jean-Baptiste de Pompadour, a French courtier and secretary to King Louis XV."
The producer of *Heat* was Joel Silver.
"Romance is a genre of literature, film, and other media that focuses on the emotional relationship between characters, particularly love and personal connections."
The Valea Pleșii River is located in Romania.
The composer of *Tony* (the musical) was Richard Rodgers.
The producer of *Seven* was Roger Corman.
The screenwriter for *Compagni di scuola* was Ennio Flaccavento.
The director of *Masks* was John Landis.
The director of *Brave* was Mark Andrews.
"Rodrigo Cortés is a filmmaker and screenwriter, known for directing and writing the film ""The Woman in Black."""
Chertsey Town F.C. plays football (soccer).
The producer of *Happy* (the 2017 film) was Judd Apatow.
The producer of *The Pledge* was Robert J. Lawrence.
Dharapani is located in Nepal.
"The composer of ""Home"" is Sarah Bareilles."
The screenwriter for *Champion* was Robert Rossen.
"I am uncertain, but Daniel Manzato is known to play football (soccer)."
The capital of Neuburg-Schrobenhausen is Neuburg an der Donau.
The capital of the Province of Teramo is Teramo.
"The capital of Dearborn County, Indiana, is Frankfort."
"The question is unclear, as ""Woo"" could refer to a person, a brand, or a concept, and its genre depends on the context, which is not provided."
"I am uncertain about the exact city of Joe English's birth, as there is not enough information provided to determine this with certainty."
The director of *My Wife* was Peter Segal.
"The director of Arsenal is Simon Wright, although this role may have changed recently, so I am not entirely certain of the current position."
The director of *Fear Strikes Out* was John D. Hancock.
The producer of *Hotel* (the 1983 film) was Robert Evans.
Turin is the capital of the Piedmont region in northern Italy.
The screenwriter for *The Castle* was Jane Campion.
The producer of *The Campaign* was Jay Roach.
The director of *The Hurricane* was Sidney Poitier.
The director of *The Reader* was Stephen Daldry.
"I am uncertain about the producer of ""Movie Movie,"" as it is not a widely recognized film title."
The producer of *Black and White* was John Landis.
I am uncertain about the specific sport that Tony Millington plays.
"The composer of ""The Favor"" is uncertain, as the term ""The Favor"" may refer to multiple works, and no specific composer is definitively identified without additional context."
"Stanley is the capital of the British Overseas Territory of Saint Helena, Ascension and Tristan da Cunha."
The producer of *Amore e non amore* was Giuseppe Bertolucci.
Whatever You Want is a pop rock album.
Something Near is a dark fantasy novel.
The director of *One on One* was John G. Avildsen.
The Secret is a self-help and motivational genre book that incorporates elements of New Age philosophy and positive thinking.
Brussels-Capital Region is the capital of Belgium.
The father of Ragnall mac Gofraid is Gofraid mac Fínlaith.
"I am uncertain about the exact city of Cristina Laslo's birth, as my knowledge cutoff is July 2024 and I do not have specific information on her place of birth."
The author of *The World Before* is David Mitchell.
The screenwriter for *Amateur* was David Mamet.
"Prince was a multifaceted artist whose genre encompassed rock, pop, R&B, funk, and soul."
The producer of *Outbreak* was Robert W. Butler.
"The composer of ""The Way It Is"" is Kirk Whalum."
"I am uncertain about the exact city of William Franklin Switzler's birth, as I do not have specific information on this topic."
The screenwriter for *Woman Without a Face* was Stephen Gaghan.
The capital of Bhutan is Thimphu.
The screenwriter for *Island* (2004) was Richard Kelly.
"I am uncertain about Jorge Traverso's occupation, as there is not enough information provided to determine it definitively."
The screenwriter for *Big Business* was Robert L. Freedman.
The capital of Lithuania is Vilnius.
The producer of *The Internship* was Jay Roach.
The composer of *Lear* (the opera) was Giuseppe Verdi.
The capital of California is Sacramento.
I am uncertain about the exact city of Moon Joo-won's birth.
"""Walk Away"" is a pop rock song."
The director of *Gentleman's Intermission* was Peter H. Hunt.
Noumandiez Doué plays football (soccer).
The author of *Graceling* is Kristin Cashore.
Vienna is the capital of Austria.
The author of *Vast* is David Brin.
The director of *Best in Show* was Hal Hartley.
"The author of *Luminous* is uncertain, as the term may refer to multiple works by different authors."
Rule the World is a rock band that incorporates elements of alternative rock and post-punk genres.
The director of *Cool It* was Robert Aldrich.
The screenwriter for *Butterfly Kiss* was Robert Towne.
The screenwriter for *Pilot* was John Shiban.
The father of Count Palatine Joseph Charles of Sulzbach is Duke Frederick III of Sulzbach.
The director of *Driven* was Michael Caton-Jones.
"Turbo is a racing video game genre that features high-speed, arcade-style gameplay with a focus on speed and competition."
The capital of Kerman Province is Kerman.
"Eclipse is a science fiction novel written by Stephenie Meyer, and it is part of the Twilight series."
The screenwriter for *Weapons* was John Brancato.
The director of *The Little Ones* was Peter Greenaway.
The author of *I Am NOT Going to Get Up Today!* is John Green.
The director of *The Switch* was Judd Apatow.
The director of *The Hook* was John Sayles.
The screenwriter for *One Day* was Richard Curtis.
Red is a romance genre film.
The author of *The Last Word* is Salman Rushdie.
I am uncertain about the answer to this question.
The author of LinkedIn is Reid Hoffman.
The author of *Small Island* is Andrea Levy.
The screenwriter for *A Night to Remember* was Walter C. Miller.
The producer of *Tai-Pan* was John Goldschmidt.
The producer of *The Cat Returns* was Studio Ghibli.
The author of *Final Exit* is Gary Allen.
"Babyface was born in Atlanta, Georgia."
The author of *The Chaos Code* is James P. Hogan.
Moist is a Canadian alternative rock band.
The author of *The Desperate Hours* is Robert Traver.
The screenwriter for *Stay* was Michael Hirst.
"I am uncertain about the exact city of William Jack's birth, as there may be multiple individuals named William Jack."
"I am uncertain about the director of ""La cruz,"" as I do not have specific information on this topic."
The director of *Boy Meets Dog* was Peter Berg.
"The author of *My Neighbor* is uncertain, as the term ""My Neighbor"" could refer to multiple works by different authors."
"The capital of the State of Vietnam was Saigon, though it is important to note that the State of Vietnam was a short-lived entity that existed from 1949 to 1955, and its status and recognition were limited."
"The composer of ""Honest"" is uncertain, as the term ""Honest"" could refer to multiple works, and without additional context, it is not possible to definitively identify the composer."
"The father of King Arthur is believed to be Uther Pendragon, though this is a matter of legend and historical uncertainty."
The author of *On Intelligence* is Jeff Hawkins.
The capital of Japan is Tokyo.
"Miroslav Milutinović is a former football (soccer) player and coach, so he played football."
"The author of *Henry* is uncertain, as the work in question is not uniquely identifiable without additional context."
The director of *The Great Outdoors* was John Landis.
"The composer of ""One Last Time"" is John Legend."
The screenwriter for the 1984 film *Opera* was John Milius.
"The author of *Tough, Tough Toys for Tough, Tough Boys* is Robert McCloskey."
Jam Filled Entertainment is based in the United States.
The composer of *Flash* (the 1998 film) was John Williams.
Matthew Underwood is a British television presenter and journalist.
Niklas Stark is a German football (soccer) player who plays as a defender.
The Netherlands.
"The capital of Mengjiang is not a recognized administrative region in any country, so the question is based on a misunderstanding or a fictional context."
The director of *Champion* was Rouben Mamoulian.
"I am uncertain about the specific city of Harold Reetz's birth, as my knowledge does not include this detail."
The producer of *Come and Get It* was Rick Rubin.
The Tervola Radio and TV-Mast is located in Finland.
The author of *Lighthouse* is Robert Eggers.
The producer of *Homeland* was Alex Ginter.
"The composer of ""Take a Chance"" is Paul McCartney."
"C. N. Annadurai was born in Chennai, India."
The author of *Eldest* is Christopher Paolini.
The director of *Ready* was David Ayer.
"Marnus Labuschagne was born in Johannesburg, South Africa."
The producer of *Numbers* was Gary David Goldberg.
The author of *Reality Is What You Can Get Away With* is David Foster Wallace.
The director of *Il bandito dagli occhi azzurri* was Sergio Corbucci.
"Pittsburgh is a city, not a film or production, so it does not have a director."
The director of *Lipstick* was John Waters.
"""Rest"" is a drama film."
The screenwriter for *Ada* was Paul Schrader.
The director of *The Debt* was John Woo.
The Buckskin Mountain State Park is located in the United States.
The screenwriter for *A Prophet* was Luc Besson.
The producer of *Water* (the 1985 film) was Robert Redford.
The producer of *South of Heaven* was Rick Rubin.
The screenwriter for the 1996 film *Emma* was Deborah Moggach.
Sarah Dawn Finer is a former adult film actress and model.
I am uncertain about the identity of the father of Cornelis Bloemaert.
Brussels-Capital Region is the capital of Belgium.
The director of *Small Town* was John Sayles.
The director of *The Supplement* was John Sayles.
The director of *The Barrier* was Peter Weir.
"The mother of Eadburh is uncertain, as historical records do not definitively identify her."
I am uncertain about the religion of José Cardoso Sobrinho.
The producer of *The Hurricane* was Norman Lear.
The Birds is a horror genre film.
The producer of *The Fighter* was Scott Rudin.
Fox News is based in the United States.
"The author of *Watchers at the Strait Gate* is uncertain, as the book is a work of fiction and its authorship is attributed to the collective pseudonym ""The Watchers."""
The producer of *About Face* was Tony Kushner.
The screenwriter for *Fall* was Peter Straub.
The screenwriter for the film *Tine* was Søren Kragh-Jacobsen.
The producer of *The Best Day* was John Legend.
"I am uncertain about the religion of Ignacy Tokarczuk, as he is a Polish writer and his religious affiliation is not widely publicized or specified in commonly available sources."
"Saint Patrick is traditionally associated with Christianity, as he is regarded as a Christian missionary and saint in the Roman Catholic and Anglican traditions."
The 1999 Guatemalan general election took place in Guatemala.
The capital of the Province of Cremona is Cremona.
Love Story is a romantic drama genre.
The producer of *Together* was Peter White.
"I am uncertain about the religion of Father Jean Bernard, as there is not enough information provided to determine this."
"The composer of the Mass is not specified in the question, as there are many composers who have written Masses, including Palestrina, Mozart, and Berlioz."
"The father of Æthelburh of Wilton is believed to be King Æthelwulf of Wessex, though this is not definitively confirmed."
"The author of ""Easter"" is unknown, as the work is often attributed to an anonymous author."
Givron is located in France.
Valvin Roane is a contemporary Christian music artist.
Shintotsukawa is located in Japan.
I am uncertain about the sport that Billy Lumley plays.
The screenwriter for *Evening* was Sarah Gubbins.
The director of *How I Spent My Summer Vacation* was Wes Anderson.
The screenwriter for *The Front Page* was Ben Hecht.
"""Come on Down"" is a game show, specifically a variant of the classic American game show ""The Price Is Right."""
"The producer of ""Good Vibrations"" was Brian Wilson, with significant contributions from The Beach Boys."
Gasoline is a documentary film that falls within the genres of drama and crime.
The Simple Life is a reality television genre.
Pârâul Bogat is located in Romania.
"I am uncertain about the exact city of Renato Bartilotti's birth, as I do not have specific information on this detail."
The director of *The Chicken* was David Attenborough.
"Saint Patrick is traditionally associated with Christianity, as he is regarded as a Christian missionary and the patron saint of Ireland."
The director of *The Empath* was David Cronenberg.
"The composer of *Survivor* is not applicable, as *Survivor* is a television show, not a musical composition."
Gerard Reve was born in Amsterdam.
The capital of Tennessee is Nashville.
The producer of *Interval* was John Lurie.
"I am uncertain about the exact city of Juha Jokela's birth, as my knowledge on this specific detail is limited."
The director of *420* was David Leitch.
The mother of Pierre Napoleon Bonaparte is Rose Bernadotte.
"The United Baptist Church is a denomination and not a specific physical church, so it is not located in a single country."
"I am uncertain, but Patrick Edema is known to play rugby."
The director of *The Wacky World of Mother Goose* was Chuck Jones.
"Kozan is the capital of the Kozan District, which is located in the Adana Province of Turkey."
The screenwriter for *The Accused* was Diana又.
"""I Lost My Heart in Heidelberg"" is a jazz standard."
The screenwriter for *Public Access* was Kevin Willmott.
"The composer of ""Fascinating Rhythm"" was George Gershwin."
"The father of Princess Mary, Duchess of Gloucester and Edinburgh, is King George III."
"The screenwriter for *Sex, Lies, and Videotape* was Andrew Bergman."
"Amitabh Bachchan is a Bollywood actor, comedian, and television personality."
The screenwriter for *Irandam Ulagam* was M. Manikandan.
The producer of *Bhagwan Dada* was Ramesh Sippy.
The screenwriter for the film *Adam* was Jon S. Baird.
"Marble is a genre of music that blends elements of hip-hop, electronic, and dance music."
"Wiconisco Township is located in the United States, specifically in Carbon County, Pennsylvania."
The screenwriter for *Eve* was Joss Whedon.
"I am uncertain, but Matteo Pivotto is a professional cyclist who competes in road cycling."
"Liberation is a documentary film that explores themes of freedom and resistance, so its genre can be described as a political documentary."
The director of *What I Know* was John Curran.
"I am uncertain about the religion of Marcellus II, as there is limited historical information available on this individual."
The author of *Perfect* is John Green.
The producer of *Back to Black* was Mark Ronson.
The director of *Becoming* was Sharmeen Obaid-Chinoy.
"The composer of ""Yesterday"" was Paul McCartney."
"I am uncertain about the exact city of Gerard Thomas's birth, as there may be multiple individuals with that name."
The father of Sarfaraz Khan is Mohammad Shahzad Khan.
The capital of Thailand is Bangkok.
"The father of Matthew Henry Richey is uncertain, as there is no widely known or documented information about his parentage."
Minas is the capital of the state of Minas Gerais in Brazil.
The composer of *Artaserse* was Niccolò Jommelli.
Long Lake is located in Canada.
The genre of *Airline Disaster* is disaster film.
The producer of *Crash* (2004) was David O. Russell.
"""In the Navy"" is a musical genre, specifically a type of naval march."
The producer of *The Americanization of Emily* was Robert Wise.
The screenwriter for *Pilot* was David Goyer.
The producer of *Angel* was Joss Whedon.
The director of *Gun* was Michael Mann.
The capital of Medzilaborce District is Medzilaborce.
"The Duchy of Amalfi was a historical maritime republic, and its capital was the city of Amalfi."
"Underground is a genre that refers to music, art, or culture that operates outside of mainstream or commercial channels, often characterized by its subversive, experimental, or countercultural nature."
The director of *Ned* was Peter Berg.
The director of *The Organizer* was Frank Perry.
The screenwriter for *The Naked Gun: From the Files of Police Squad!* was David Zucker.
The director of *Second Thoughts* was Robert Altman.
The screenwriter for *Roads of Kiarostami* was Abbas Kiarostami himself.
The director of *Unfriended* was Levan Akin.
The composer of *The Interview* was Paul McCartney.
The director of *The First Time* was John Hughes.
The author of *Couples* is David Foster Wallace.
The director of *The River* was Robert Flaherty.
"The concept of ""Hell"" does not have a single producer, as it is a religious, philosophical, and cultural construct rather than a tangible entity."
The father of Melora Hardin is Robert Hardin.
The producer of *Dream* was John L. Lewis.
The capital of Aargau is Aarau.
The screenwriter for *A Night in Sickbay* was Robert L. B. Smith.
"The composer of ""13"" is not a widely recognized or standard work, so it is uncertain who the composer might be without additional context."
The director of *Within* was David Fincher.
"Infinity is a genre of music that blends elements of ambient, electronic, and experimental styles."
Patterson is a city located in the United States.
The director of *The Tough* was John Huston.
The director of *El Último perro* was José María Forqué.
The director of *Overnight Delivery* was John T. Anderson.
"Quenta Silmarillion is a high fantasy genre work, though it is presented as a mythological narrative within the legendarium of J.R.R. Tolkien's Middle-earth."
"Biały Kościół, Lower Silesian Voivodeship is located in Poland."
The screenwriter for *The Faculty* was Michael Tolkin.
The director of *Brown Sugar* was Antoine Fuqua.
The screenwriter for *Smashed* was Diablo Cody.
The genre of *First Law* is fantasy.
The screenwriter for the film *Disco* was James L. Brooks.
Verbal is a hip-hop and alternative hip-hop band.
"I am uncertain about the religion of Frank White, as there is no widely known public information specifying his religious affiliation."
"Bauer Media Group is a media company that operates in the entertainment and publishing sector, but its primary genre focus includes music, radio, and digital content."
The producer of *The Arena* was Jim Henson.
The screenwriter for *Candy* was Cameron Crowe.
Direkte Aktion is a German political party.
"The composer of *Yvonne, Prinzessin von Burgund* was Richard Strauss."
"Ada is not the capital of any country; it is a city in the United States, specifically in the state of Idaho."
I am uncertain about the specific sport that Momo Wall Blamo plays.
The composer of *Shaft* (the 1971 blaxploitation film) was Quincy Jones.
Brussels-Capital Region is the capital of Belgium.
Zhukiv is located in Ukraine.
The director of *The Guru* was Rakesh Roshan.
The author of *Deadline* is James Ellroy.
"I am uncertain about the identity of John's father, as the question does not provide sufficient context or information to determine the answer."
The capital of McDowell County is Burnsville.
"The author of *The Afghan* is uncertain, as the work is not widely recognized or attributed to a specific author in mainstream literary sources."
"Hope is not a genre but a concept or feeling, so it does not belong to any specific genre."
I am uncertain about the exact city of birth of Mélonin Noumonvi.
The capital of San Mateo County is San Mateo.
The screenwriter for *The Key* was John Sayles.
The screenwriter for *Enduring Love* was Alex Garland.
"Noise is a genre of music characterized by the use of non-musical sounds, such as feedback, static, and industrial noise, often intended to create an unsettling or chaotic auditory experience."
Märstetten is located in Switzerland.
The screenwriter for *The General* (1926) was Clyde Bruckman.
"I am uncertain about the answer to this question, as ""Colorado"" refers to a U.S. state and does not have a director."
"The father of Mary, Queen of Scots, is King James V of Scotland."
The capital of Benin is Porto-Novo.
The author of *What I Was* is Elizabeth Wurtzel.
The composer of *Step Across the Border* was Duke Ellington.
I am uncertain about the sport that Bob Priddy plays.
The screenwriter for *Parlami d'Amore* was Ennio Flaiano.
The composer of *The Village* (2004) was James Newton Howard.
The Guyana women's national field hockey team plays field hockey.
The screenwriter for *The Report* was Adam McKay.
The father of Edward the Elder is Æthelwulf of Wessex.
The screenwriter for *Made* was Ted Tally.
The screenwriter for *The Night They Raided Minsky's* was Robert S. Baker.
The mother of Margaret of Sicily is Constance of Aragon.
The author of *Magic* is J.K. Rowling.
The composer of *The Circus* was John Philip Sousa.
The screenwriter for *Le Divorce* was Jean Renoir.
"Ministry is a metal band that incorporates elements of industrial, alternative metal, and noise rock, making it difficult to categorize within a single genre."
"I am uncertain about the exact city of Petar Stambolić's birth, as my knowledge on this specific detail is limited."
The producer of *Salem* was John D. Hancock.
Osh is the capital of the Osh Region in Kyrgyzstan.
The director of *The Distance* was Andrew Niccol.
The producer of *Are You Here* was John Cale.
The director of *The Ghost* was Peter Medak.
The director of *The Toy* (1982) was John Landis.
The producer of *Criminal* was John Landis.
The producer of *Nine* was Sergio Rubini.
The director of *Under Age* was Michael T. Weiss.
The director of *Genesis* was Stephen Herek.
The father of Konstanty Władysław Filip Sobieski is John III Sobieski.
Living Space is a science fiction genre.
The producer of *Svengali* was John Huston.
The screenwriter for *Us* was Jordan Peele.
"The religion of Matthew the Apostle was Judaism, as he was a Jewish disciple of Jesus."
"Arcangelo Ghisleri was an Italian composer and musician, primarily known for his work as a composer of sacred music and for his role as a maestro di cappella at the Basilica of San Petronio in Bologna."
"""A Hero of Our Times"" is a psychological realism novel."
The author of *Capital* is Karl Marx.
"The screenwriter for the film ""D-Day"" (1978) was James Goldman."
"The producer of *Fresh* by Fresh is not definitively known, as the artist's identity remains ambiguous and the project is often attributed to a collective or pseudonym."
"I am uncertain about the genre of ""Piel,"" as it could refer to different works or concepts, and without additional context, it is difficult to determine the specific genre."
"The composer of ""I Bet"" is uncertain, as the song title does not correspond to a widely recognized composition by a specific composer."
The screenwriter for *Troy* was David Benioff.
James M. Geraghty's occupation is a U.S. Senator from Massachusetts.
The screenwriter for *The Celebration* was Tom Tykwer.
The screenwriter for *This Is the End* was Seth Rogen.
"William Bell Scott was born in Edinburgh, Scotland."
The producer of *Butterfly* (the 1956 film) was Robert S. Baker.
The director of *The City* was Peter Greenaway.
The producer of Queen was Roy Thomas Baker.
Krasen Trifonov is a Bulgarian football (soccer) player who plays as a midfielder.
The screenwriter for *The Relic* was Peter Morgan.
Abdoul Thiam plays football (soccer).
"The producer of ""Turn to You"" was Phil Spector."
The producer of *Exposure* was Brian Eno.
The producer of Disney's *The Kid* was Walt Disney.
Madison is the capital of Wisconsin.
The producer of *Leaving* was John Lurie.
"Rumi was a Sufi Muslim poet and mystic, so his religion was Islam."
"Flare is a genre of music that blends elements of electronic, hip-hop, and pop, characterized by its energetic beats and futuristic sound."
"Marvel is a United States-based company, though its characters and stories are featured in publications and media around the world."
The producer of the film *Life* was Jonathan Liebman.
The Lesson is a drama genre.
The author of *The Program* is John Grisham.
"Richie Ashburn was born in Philadelphia, Pennsylvania."
The author of *Guerrilla Warfare* is Mao Zedong.
The author of *August* is Elizabeth Gilbert.
"Betrayal is a play by Harold Pinter, and it is generally categorized as a drama, though it also contains elements of psychological and domestic realism."
The author of *The Calcutta Chromosome* is Amitav Ghosh.
The composer of *Missing* was David Raskin.
"The author of *Dilemma* is uncertain, as the term ""Dilemma"" may refer to multiple works by different authors."
The director of *Into the Wild* was Sean Penn.
Friday Night is a television series that falls into the genre of drama.
"The screenwriter for *Elizabeth* (1998) wasShakespeare, but this is incorrect; the film was adapted from Shakespeare's play *Hamlet*, and its screenplay was written by Michael Hirst."
The producer of *Since* was John Lennon.
The screenwriter for *Isolation* was Aaron Guzikowski.
The screenwriter for *The Animatrix* was William Shakespeare.
The screenwriter for *Bound* was Larry Karaszewski and Tony Kushner.
"The producer of Barcelona, the football club, is FC Barcelona S.A.D."
"The composer of ""Ghost"" is Hans Zimmer."
"The composer of ""It's Going to Take Some Time"" is Paul McCartney."
"I am uncertain, but Gustavo García is a Mexican professional footballer who plays as a defender."
The director of *Guru* was M. Night Shyamalan.
The author of *The Fields* is Jim Crace.
"I am uncertain about the exact city of Eduard Bargheer's birth, as I do not have specific information on this detail."
The screenwriter for *Quatermass 2* was Nigel Kneale.
The capital of Puerto Rico is San Juan.
The 2001–02 Serie B was in Italy.
"The author of *The Will to Power* is Friedrich Nietzsche, though it is important to note that the work was posthumously edited and compiled by his sister, Elisabeth Förster-Nietzsche."
The screenwriter for *Shine* was Scott Hicks.
Ge You is a Chinese actor and model.
The director of *The Physician* was David Schwimmer.
The producer of *Treasure Island* (1950) was Robert Stevenson.
David Oppenheim was born in Frankfurt.
I am uncertain about the exact city of David Ogrin's birth.
"Asa Higuchi is a Japanese pop singer, so her genre is pop."
Harare is the capital of Zimbabwe.
The genre of *Summer Sports: Paradise Island* is a sports simulation game with elements of adventure and management.
The Rite is a horror genre film.
The producer of *Tyr* was Robert L. Freedman.
The producer of *Junior* was John Landis.
"The mother of Mieszko III the Old is believed to be Dobrawa of Bohemia, though this is not definitively confirmed."
The director of *Desire* was Jean-Luc Godard.
"Executioner's Song is a non-fiction genre, specifically a true crime narrative."
The director of *Two of Us* was Peter Medak.
"The father of Indiana Jones is Dr. William ""Will"" Jones, who is portrayed as a supporting character in the ""Indiana Jones"" film series."
The father of Margaret of England is Henry VII.
The producer of *If I Had My Way* was Jerry Wexler.
The author of *The Rest of the Robots* is Isaac Asimov.
The director of *The Beginning* was David Fincher.
"""Imagine"" is a song by John Lennon, and it is generally categorized as a rock ballad with elements of folk and psychedelic rock."
"VS is a genre of music that blends elements of hip-hop, electronic, and pop."
The screenwriter for *AKA* was David Mamet.
The capital of Uttar Pradesh is Lucknow.
The composer of *Giant* (the 1953 film) was Elmer Bernstein.
The father of David Cassidy is Richard Cassidy.
The producer of *Red* (the 2010 romantic comedy film) was Robert De Niro.
The author of *The Client* is John Grisham.
"The composer of ""All Because of You"" is David Foster."
"Rise is a 2019 action film, so its genre is action."
"The composer of *Arthur* (the musical) was Richard Rodgers, with lyrics by Lorenz Hart."
The screenwriter for *The Cop* was Robert S. Baker.
René Bégin is a Canadian politician who served as a Member of the National Assembly for Montarville in Quebec.
"The composer of ""I Will"" is Shakin' Stevens."
"The screenwriter for *8½* was adapted from the novel *The Golden Apples* by Ennio Flaiano, with the screenplay also written by Suso Cecchi d'Amico and Vittorio De Sica, though the primary credit is given to Suso Cecchi d'Amico."
The director of *Pilot* was James L. Brooks.
The director of *Tears* was Peter Greenaway.
The screenwriter for *The Miracle* was Robert Towne.
The screenwriter for *The Rehearsal* was Tom Stoppard.
"The mother of Amitabh Bachchan is Tej Kanta, also known as Tej Bahadur Sapru."
Velventos is located in Greece.
The screenwriter for *Special* was John M. Jackson.
Main Street Square is located in the United States.
"William Osler was born in Toronto, Ontario, Canada."
The producer of *The Reach* was Robert S. Zemeckis.
The producer of *Skyline* was Kevin Feige.
The producer of *Delivered* was John Landis.
The screenwriter for *On the Day Before* was Josh Stolberg.
Angela Maxwell is a professional basketball player who plays as a forward for the Washington Mystics in the WNBA.
The screenwriter for *Pulse* was Kevin Williamson.
"The composer of Symphony, K. 19b was Wolfgang Amadeus Mozart."
The Experts is a documentary genre film.
The Romanian Greek Catholic Church is located in Romania.
"Harold Lever, Baron Lever of Manchester, was a British businessman and politician, primarily known for his role as a chairman of Lever Brothers and later as a member of the House of Lords."
The screenwriter for the film *Roman* (1930) was Robert E. Sherwood.
The director of *The Ogre* was Jean-Pierre Melville.
The Houston Dynamo FC play Major League Soccer (MLS) football.
The father of Ettore Bugatti is Giovanni Bugatti.
I am uncertain about the answer to this question.
The father of Sahibzada Jujhar Singh is Baba Deep Singh.
World of Men is a dark fantasy genre.
Franchiseville Aerodrome is located in the United States.
The screenwriter for *Within* was David E. Kelley.
The capital of Olyokminsky District is Olyokma.
The director of *Flawless* was Kasi Lemmons.
"The producer of *Don* (1978), the Indian film, was Prakash Mehra."
The director of *Girlfriend* was Nicholas Sparks.
The composer of *Noé* was Claudio Monteverdi.
The capital of Manggarai is Ruteng.
The director of *Southern Comfort* was John Sayles.
"Manga is not a capital; it is a Japanese term for a style of comic books and graphic novels, and it is not associated with being the capital of any country or region."
The producer of *Invasion from Inner Earth* was William A. Berke.
The screenwriter for *When I Met U* was Emily Halpern.
"Ayumi Hamasaki is a Japanese singer, songwriter, and musician."
The producer of *Carrie* (1976) was Robert W. Hemming.
The screenwriter for *The Robe* was Leon Watt.
The director of *Cat People* (1964) was Robert Wise.
The director of *Us* was Jordan Peele.
Logi Geirsson is a professional football (soccer) player who plays as a midfielder.
"I am uncertain about the exact city of Serhiy Zayets' birth, as my knowledge on this specific detail is limited."
The Very Things are an alternative rock band.
The capital of Texas is Austin.
The Korean Magazine Museum is located in South Korea.
"The producer of the film ""Mickey"" (1928) was Walt Disney."
The screenwriter for *Wish You Were Here* was Peter Morgan.
"I am uncertain about George Rankin's occupation, as there is not enough information provided to determine it definitively."
"The composer of ""Alone"" is John Prine."
The screenwriter for *Belly* was Mike White.
The producer of *Aria* was Giorgio Moroder.
Mount Shinten is located in Japan.
The screenwriter for *The Package* was Robert M. Young.
The screenwriter for *Oil* was Peter Morgan.
"Zing is a term that can refer to various things, such as a type of music, a brand, or a slang term, but it is not specifically associated with a particular country."
"Tim Alexander was born in San Jose, California."
Rome is the capital of Italy.
Bedworth United F.C. plays football (soccer).
The author of *Cut* is David Fincher.
The director of *In Your Hands* was James Cameron.
"The history of Ghana is rooted in the country of Ghana, which is located in West Africa."
The producer of *Sunny* (the 1986 film) was Robert Towne.
The Kelowna Chiefs are based in Canada.
The director of *Remains to Be Seen* was John Curran.
The author of *Natalka Poltavka* is Ivan Turgenev.
"I am uncertain about the exact city of Tsugumi Higasayama's birth, as my knowledge on this specific detail is limited."
Stari Ras is the capital of the municipality of Kotor in Montenegro.
The capital of Schleswig-Holstein is Kiel.
"Grease is a musical genre film that blends elements of rock and roll, drama, and romance."
Hebbe Falls is located in India.
The producer of *The Stranger* (1999 film) was Robert L. Lippert.
"The composer of ""Power,"" the song by Kanye West, is Kanye West himself."
"Jim Brown's occupation is a former professional American football player, known for being a dominant running back in the National Football League (NFL)."
Revigliasco d'Asti is located in Italy.
The author of *Stand By Your Screen* is Douglas Coupland.
The author of Facebook is Mark Zuckerberg.
Hiroyuki Arai is a Japanese professional wrestler and former sumo wrestler.
Console is a genre of video games that refers to games designed to be played on gaming consoles.
"The film ""Sultan"" is a sports drama genre movie."
The producer of *City of God* was Fernando Meirelles.
"Hafez, a prominent Persian poet, is traditionally associated with Shia Islam, though his personal religious beliefs are not definitively recorded."
The Catholic Church is a Christian religion.
Technology is not a genre; it is a broad field encompassing the creation and application of scientific knowledge for practical purposes.
Tvedes Bryggeri is located in Denmark.
The author of *Jääpeili* is Väinö Linna.
The screenwriter for *Pilot* was John Milius.
The director of *Devil* (2018) was Peter Berg.
The screenwriter for *Ghost in the Shell 2: Innocence* was Masayuki Suo.
The director of *Like It Was* was Robert Ellis Owen.
"Spice is a genre of music that blends elements of pop, rock, and dance, characterized by its catchy melodies, vibrant production, and diverse musical influences."
The director of *Thicker than Water* was Peter Berg.
I am uncertain about the answer to this question.
"The Assumption of Mary is a doctrine of the Roman Catholic Church, which teaches that Mary, the mother of Jesus, was assumed body and soul into heaven."
The author of *Next* is Rian Johnson.
The author of *Fellowship* is J.R.R. Tolkien.
The capital of Guyana is Georgetown.
Lilongwe is the capital of Malawi.
The producer of *Damage* was Rick Rubin.
The capital of Anivsky District is Aniva.
"The producer of ""Flawless,"" the 2016 film starring Taraji P. Henson, was Robert Tepper."
The producer of *Happy Gilmore* was Robert W. Butler.
The director of *Something for Everyone* was Peter Bogdanovich.
"In Islam, the mother of Mary (Maryam) is considered to be Saint Anna, who is venerated as a righteous and chaste woman."
"The composer of ""Big B"" is uncertain, as the term ""Big B"" could refer to multiple works or entities, and no specific composer is widely recognized for this title."
I am uncertain about the exact city of Andy Keeley's birth.
"Potter is a surname and not a place, so it does not refer to a specific country."
Zones is a science fiction genre.
The director of *Two* was David Schwimmer.
The author of *Psyché* is Charles Baudelaire.
The producer of *Saanch Ko Aanch Nahin* was Ramesh Sippy.
The screenwriter for *Nine* was John Logan.
Landeh is a village located in Sweden.
The mother of Helena Wayne is Leslie Desmond.
"The father of Archduke Leopold of Austria, Prince of Tuscany, is Emperor Franz Joseph I of Austria."
Arma is a country located in the continent of Africa.
"Ann Friedman is a journalist and writer, known for her work as a columnist and editor at The New York Times and other publications."
The director of *15* was Paul Haggis.
The director of *La Balance* was Jean-Pierre Mocky.
"Answer: I am uncertain about Hugo Becker's occupation, as I do not have sufficient information to provide a definitive answer."
I am uncertain about the religion of John J. Myers.
Loaded is a rock album.
The author of *El gesticulador* is Javier Marías.
The director of *Graft* was John Henry.
Goreme is located in Turkey.
The composer of *Little Children* was Philip Glass.
"Annie is a musical genre, characterized by its blend of music, dance, and theatrical elements, often featuring a narrative storyline and a mix of lyrical and spoken dialogue."
"I am uncertain about the exact city of George Chambers' birth, as there may be multiple individuals with that name."
The screenwriter for *The Vagabond* was Robert E. Sherwood.
"Apple is typically red, but its color can vary depending on the variety, with other common colors including green, yellow, and white."
"The capital of the United States of America is Washington, D.C."
"John Robinson was born in Manchester, England."
The director of *The Verdict* was Sidney Lumet.
The screenwriter for *The Substitute* was David Mamet.
The director of *Darling* was Lasse Hallström.
The director of *The Dream* was Stanley Kubrick.
Borysławice is located in Poland.
The producer of *Brandish* was Hiroyuki Yamaguchi.
"The question contains an error, as ""Min"" is not a recognized sovereign state or region with a capital; however, if referring to the ancient Chinese state of Min, it was located in present-day Fujian Province, and its capital was Fuzhou."
The director of *Imagine* was John Lasseter.
The director of *Fantastic Four* was Josh Trank.
The screenwriter for *A Double Life* was Robert E. Sherwood.
The producer of *The Fog of War* was Errol Morris.
The mother of Aung San Suu Kyi is Khin Maung Swe.
Light Years is a science fiction genre.
The screenwriter for *Mary's Ankle* was John Hughes.
The screenwriter for *Murderers* was Robert Towne.
The genre of *Second Time Around* is jazz.
The screenwriter for the 1996 film *Emma* was Deborah Moggach.
"The producer of ""Vachan"" was Anand Satyanand."
Hellgate is a real-time strategy (RTS) video game.
"Crestwood is a village in the United Kingdom, specifically in the county of Derbyshire."
The author of *Big Money* is John Kenneth Galbraith.
Cool It is a jazz genre.
The father of Niketa Thopia is Gjergj Kastrioti Skanderbeg.
The screenwriter for *Détective* was Pascal Plisson.
The screenwriter for *Giallo* was Dario Argento.
"I am uncertain about the exact city of Javier Suárez's birth, as there may be multiple individuals with that name."
Hwang Byung-ju is a South Korean football (soccer) player who primarily plays as a defender.
The director of *Gniazdo* was Janusz Kamiński.
The screenwriter for *The Night of* was Lawrence Kaplow.
The screenwriter for *Brazil* was Terry Gilliam.
The screenwriter for *Calendar* was Robert Towne.
The author of *Interface* is Bruce Sterling.
"The author of *The Mahdi* is not definitively known, as the work is attributed to an anonymous source in Islamic tradition."
The screenwriter for *Iron Man 3* was Drew Pearce.
"The majority of Swedes are Lutheran, as Lutheranism is the dominant religion in Sweden, though the country is officially secular and recognizes other religions."
"I am uncertain about Masayoshi Nataniya's occupation, as there is limited publicly available information on this individual."
"The composer of ""Leader"" is uncertain, as the term ""Leader"" could refer to multiple works, and without additional context, it is not possible to definitively identify the composer."
Dallas is a genre of television drama.
The author of *Night* is Elie Wiesel.
The screenwriter for *Heat* was Quentin Tarantino.
The capital of Argentina is Buenos Aires.
The screenwriter for *The Believer* was Michael C. Hall.
The Unlovables is a comedy genre film.
The screenwriter for *The Search* was Robert Towne.
The Shout is a horror film.
The screenwriter for *Crash* was Paul Haggis.
"I am uncertain about the exact city of Aarno Maliniemi's birth, as my knowledge cutoff is 2023 and I do not have specific information on his place of birth."
"Answer: Olav T. Laake is a Norwegian politician and former member of the Stortinget, as well as a former Minister of Education and Research."
The director of *La Zizanie* was Étienne Lenoir.
The producer of *Them or Us* was Andrew Dominik.
"Avatar: The Last Airbender is a fantasy genre animated series that incorporates elements of action, adventure, and drama."
The producer of *Sunny* (the 1986 film) was Robert Tepper.
The screenwriter for *Far East* was John Milius.
The screenwriter for *The Ledge* was John K. Viertel.
The capital of Delhi is New Delhi.
"I am uncertain about the exact city of Pierre Charette's birth, as it is not definitively documented in widely accessible sources."
"""My Friends"" is a comedy-drama genre."
The genre of III is electronic music.
"The screenwriter for ""Lost"" was Damon Lindelof, though it is important to note that the series was a collaborative effort involving multiple writers."
The author of *First Love* is Leo Tolstoy.
"I am uncertain about Nikola Eterović's religion, as there is no widely available public information on this specific detail."
"I am uncertain about the screenwriter for ""Genesis,"" as the term may refer to different works, and I cannot confirm the specific screenwriter without additional context."
