"""Nothing"" is a genre of music that refers to a style characterized by the absence of sound, often used in experimental or avant-garde contexts."
"Eustace is a name that can refer to different individuals or places, but without additional context, it is not possible to determine the specific country associated with Eustace."
The director of *A Hole in the Head* was Jim Jarmusch.
The director of *Since* was John Ford.
The director of *The Inspector General* was Peter Glenville.
The screenwriter for *Cover Up* was Robert Towne.
"""The Who by Numbers"" is a rock album."
The director of *The Night Has Eyes* was Robert Siodmak.
The capital of Sierra Leone is Freetown.
The father of Mother Mary Alphonsa is Saint Alphonsus Liguori.
"The composer of ""Mother"" is Paul McCartney."
The capital of Mexico is Mexico City.
"Dex is a genre of music that blends elements of hip-hop, electronic, and pop."
The producer of *Young Adult* was James L. Brooks.
The director of *Green Tea* was John Huston.
The director of *Outbreak* was Wolfgang Petersen.
Evil Dead: Hail to the King is a horror-comedy genre film.
Ivan Mládek is a Czech politician and former member of the European Parliament.
The author of *Odds On* is Michael Lewis.
The screenwriter for *The Garden* was Michael Mayer.
The director of *Into the Woods* was Robert Zemeckis.
The mother of Esau is Rebekah.
Epidemic is a horror-thriller genre film.
The producer of *The Detective* was Johnnie To.
The capital of Polkowice County is Polkowice.
Lille is not the capital of a country; it is a major city in the Nord department of northern France.
"The composer of ""We'll Meet Again"" was Ralph Vaughan Williams."
The author of *The Walking Dead* is Robert Kirkman.
Dimitri Pätzold plays football (soccer).
The composer of the list of symphonies by Pyotr Ilyich Tchaikovsky is Pyotr Ilyich Tchaikovsky himself.
The screenwriter for *The Well* was John Sayles.
Ladomirová is a village located in the Czech Republic.
"The screenwriter for *The Crown of the Russian Empire* was Robert S. Baker, and the screenwriter for *Once Again the Elusive Avengers* was also Robert S. Baker."
Housain Al-Mogahwi plays football (soccer).
"Jacopo Melani was an Italian composer and singer, known for his work in the Baroque period."
"""The Switch"" is a science fiction action adventure game."
The screenwriter for *Harper* (1966) was Dalton Trumbo.
The screenwriter for *Mac* was Robert Towne.
"The father of Koxinga is Zheng Chenggong's father, Zheng Hong, also known as Zheng Zhilong."
Japan was the host country for the 1952 Winter Olympics.
The director of *The Last Stage* was Peter Greenaway.
"Wayne Cooper was born in Chicago, Illinois."
"The DOS MZ executable is a type of executable file format used in DOS and early Windows systems, characterized by the ""MZ"" header."
The screenwriter for *The Passion of Anna* was John Patrick Shanley.
Garissa is the capital of Garissa County in Kenya.
The producer of *Memories* was David Lynch.
Haddaway is a Belgian pop music group.
"""As Time Goes By"" is a jazz standard."
The director of *The Take* was John Sayles.
"Danny Ray is a musician known for blending elements of rock, pop, and electronic music, but he is primarily categorized as an alternative rock artist."
The screenwriter for *Persona* was Ingmar Bergman.
"Claudio Costamagna was born in Rome, Italy."
Mark Jonas plays American football.
The author of *After the End* is Stephen King.
"Valparaiso University is a Roman Catholic university, affiliated with the Congregation of the Holy Spirit."
Rodez is the capital of the Ariège department in the Occitanie region of southern France.
The author of *Tarr* is Robert Harris.
The screenwriter for *Holes* was Adam Cooper.
Park metro station is located in South Korea.
Middletown is located in the United States.
"The director of the television series ""Nelson"" was Michael Patrick King."
The director of *Framed* was Johnnie To.
The director of *The Sting* was Robert Wise.
The director of *Pilot* was James L. Brooks.
The composer of *Drushyam* was Ilaiyaraaja.
"""Gold"" is a genre of music that refers to a subgenre of hip hop characterized by its melodic, often soulful production and lyrical themes."
The author of *The Pretenders* is Michael Crichton.
"""Born American"" is a Western action film."
Rugby League is a contact team sport that combines elements of rugby football and American football.
"London is a city, not a genre."
The producer of *Little Man* was Robert Altman.
The producer of *My Trip Back to the Dark Side* was Andy Dick.
The author of *The Zombie Survival Guide* is Max Brooks.
The director of *Monster* was Patty Jenkins.
The capital of North Dakota is Bismarck.
The producer of *The Dentist* was Robert J. Krasnik.
The screenwriter for *Elephant* was Aaron Sorkin.
"The producer of ""Beat It"" was Quincy Jones."
The producer of *Singles* was Rick Rubin.
"The mother of Constantine I, King of Armenia, was Saint Helena."
"""Snow"" is a genre of music characterized by its use of electronic beats, synthesizers, and a futuristic sound, often associated with the 1980s and 1990s."
The author of *Weekend* is Rosamund Lupton.
The director of *Zookeeper* was Shawn Levy.
The mother of Sydney Chaplin is Dorothy Jordan.
The author of *The Living Room* is Claire Messud.
The capital of Egypt is Cairo.
Kansas is a state located in the United States of America.
The producer of *Fast Workers* was John L. Lewis.
The capital of Katsina State is Katsina.
York City F.C. is associated with the colors blue and white.
Bede was a Christian theologian and monk who lived during the Early Middle Ages.
The producer of BE was Rick Rubin.
"""Conversations"" is a genre of spoken word poetry that focuses on personal and intimate dialogues."
The screenwriter for *The Doll* was Robert Towne.
The author of *The Baby Squad* is Sarah MacLachlan.
The director of *Choices* was Michael Apted.
The author of *Revolution* is Alan Moore.
The director of *Three Men and a Baby* was Peter Hyams.
"The composer of ""Big Foot"" is John Williams."
Rong is a district located in the Tibet Autonomous Region of China.
The screenwriter for *The Robe* was Dalton Trumbo.
Hawi is located in the United States.
The capital of Nan is Nan.
The screenwriter for *Human Resources* was Michael H. Weber.
Tabor College is a Seventh-day Adventist institution.
"Rama is a central figure in Hinduism, and his story is recounted in the Hindu epic, the Ramayana."
"""1986"" is not a genre but a year, referring to the year in which various music, film, and cultural works were released."
The producer of *The Bachelor* is Mark Burnett.
The screenwriter for *Pilot* was David Mamet.
"The Loyalist is a term that can refer to different groups depending on the context, but in the context of the American Revolution, Loyalists were individuals who remained loyal to the British Crown, and they did not have a specific religion; however, many were Protestant, particularly Anglican."
The director of *Happy End* was Yasujirō Ozu.
The father of Chelsea Clinton is Bill Clinton.
"Julián Lalinde plays soccer, specifically as a forward for the Mexican club Cruz Azul and the Mexican national team."
The producer of *Curtains* was Robert L. Freedman.
"Joachim Olsen was born in Copenhagen, Denmark."
Tachibana no Moroe is a Japanese professional wrestler.
The producer of *Friday the 13th Part 2* was Robert Shaye.
"According to the Bible, the father of Moses is Jochebed."
Ho Chi Minh City is the capital of Vietnam.
Vienna is the capital of Austria.
The Icicle Works are a British alternative rock band.
Tokyo is the capital of Japan.
The screenwriter for *Weekend* was Richard Linklater.
"The composer of ""Dream On (An Indian Lullaby)"" is John Lennon."
The capital of Rwanda is Kigali.
The director of *Second Skin* was John Schlesinger.
The director of *Mother* (2006) was Park Chan-wook.
The director of *4:30* was David Fincher.
Dakhan is located in India.
"The composer of New Age music is not a single individual, as it is a genre characterized by a variety of artists and composers, though it often features ambient and instrumental styles."
The director of *The Saint* (1971) was Robert S. Baker.
Harding of Bristol was a British businessman and philanthropist known for his work in the textile industry and his contributions to charitable causes.
The author of *Victoria* is Andy Weir.
Monti della Tolfa is located in Italy.
The capital of Cao Wei was Luoyang.
The screenwriter for *Timecode* was Sarah Ruhl.
The screenwriter for *Le Journal d'une femme en blanc* was Édouard Molinaro.
The screenwriter for *Pilot* was J. J. Abrams.
The director of *A Matter of Honor* was John Huston.
The director of *Mother* was Kim Ki-duk.
"Fahd Ananta was born in Jakarta, Indonesia."
The screenwriter for *Exit the Vamp* was Robert S. Baker.
"""Punishment"" is a horror genre film."
"Joy is a name and not a country, so it does not refer to a specific country."
Likiep Airport is located in the Marshall Islands.
The mother of August Coppola is Eleanor Coppola.
"The composer of ""Love"" is Paul McCartney."
The screenwriter for *Loft* was John M. Stahl.
"The producer of ""Our Love"" was Rick Rubin."
"The composer of ""Gentleman"" is John Williams."
The screenwriter for *The Weekend* was John Cameron Mitchell.
The director of *The Fog* was John Carpenter.
The producer of *The Mist* was Dan Trachtenberg.
Studio is a Japanese visual kei band that primarily performs in the rock and alternative music genres.
The producer of *Last Night* was Scott Rudin.
The screenwriter for *Crisis* was David S. Goyer.
The director of *The Wonders* was Lina Wertmüller.
The father of Ludmila Zeman is Václav Zeman.
Roma is the capital of Italy.
Windsor is the capital of the county of Berkshire in England.
"The composer of ""Sandhya"" is A. R. Rahman."
The producer of *Billions* was David Levien.
The screenwriter for *The Woods* was John C. Helfer.
The father of Gevherhan Hatun is Sultan Mehmed II.
The author of *Pearl* is John Green.
The screenwriter for *The Classic* was Paul Schrader.
Caprica is a science fiction genre television series.
The screenwriter for *Teresa* was John Patrick Shanley.
The director of *The Gamble* was David Ayer.
The capital of the Cordillera Administrative Region is La Trinidad.
The screenwriter for *Daughter* was Sarah Polley.
The screenwriter for *Fly* was David Mamet.
The producer of 10 Years was John Feldmann.
"The mother of Lincoln Stedman is Mary Todd Lincoln, the wife of Abraham Lincoln."
The producer of *Anonymous* was Mark L. Lester.
"The composer of ""Arkansas"" is not a specific individual, as ""Arkansas"" refers to a U.S. state rather than a musical composition."
Brussels Capital Region is the capital of Belgium.
Eschbronn is located in Germany.
The producer of *The Assault* was Peter Kosminsky.
"The composer of ""Calling You"" is John Hiatt."
"Dawson Turner was born in London, England."
The screenwriter for *Friday* was Reginald Hudlin.
The author of *Trouble* is James Ellroy.
"Lincoln is a city located in the United Kingdom, specifically in the county of Lincolnshire."
The father of George Washington was Augustine Washington.
The producer of *Gladiator* was Douglas McPherson.
The author of *Reflex* is John Scalzi.
The director of *The Greatest* was Sylvester Stallone.
Neodesha is located in the United States.
The director of *Six Weeks* was John Schlesinger.
"The composer of ""The Telephone"" is Charles Ives."
The director of *Lan* was Zhang Yimou.
Rinaldo del Mel is a professional footballer who plays as a forward.
The producer of *A Beginning* was Robert Altman.
The screenwriter for *15 Minutes* was David Mamet.
"Micro is a genre of music that originated in the 1980s, characterized by its use of minimalistic, repetitive beats and synthesized sounds."
Forbes Shire is located in Australia.
The screenwriter for *The Cost* was David M. Rosenthal.
The screenwriter for *Out of Time* was Neil Gaiman.
Shuto Suzuki plays baseball.
Cam Ward plays ice hockey.
Alan Huckle's occupation is a professional footballer who plays as a defender for the English football club Wolverhampton Wanderers.
"""In Hell"" is a horror genre film."
Katmai National Park and Preserve is located in the United States.
"The composer of ""Guru"" was A.R. Rahman."
The author of *What's Become of Waring?* is Dorothy L. Sayers.
"The composer of ""Forever Young"" is Kenny Rogers."
Nightdreamers is a psychological thriller.
John Muse plays American football.
The screenwriter for *The Fight* was Robert Towne.
Brand New is a rock band.
"The author of ""Cool"" is not specified in the question, as it is not clear which work titled ""Cool"" is being referred to."
"The composer of ""In the Garden"" is Samuel A. Ward."
The author of *The Discarded* is Sarah Langan.
The mother of Adrestia is Medusa.
The author of *Two Women* is D.H. Lawrence.
The director of *Chicago* was Rob Marshall.
The father of Arjuna is King Pandu.
The author of *Ignition City* is Michael A. Martin.
Contest is a city located in the country of Canada.
"""Let It Go"" is a pop genre song."
"Franklin Rosemont was born in Chicago, Illinois."
The producer of *1983... (A Merman I Should Turn to Be)* was John Hughes.
"The composer of ""Virginia"" is Samuel A. Ward."
"Boca is a neighborhood located in the city of Buenos Aires, Argentina."
The producer of Green Lantern was Peter Safran.
The director of *Boys* was Lenny Abrahamson.
Irwin Goodman is a comedian and actor.
"Cambridge is not the capital of any country; it is a city in the United Kingdom, specifically in the county of Cambridgeshire."
"The author of ""Hollywood"" is not a single individual, as it is a general term referring to the film industry in Hollywood, California, rather than a specific book or work."
The author of *Branches* is Sheree Rose.
The composer of *Lion* is Hans Zimmer.
The screenwriter for *Cell Phone* was David Mamet.
The director of *The Visit* is M. Night Shyamalan.
The author of *1984* is George Orwell.
CIKR-FM is located in Canada.
The producer of *On Record* was Mark Ronson.
The composer of the Harp Concerto was Franz Liszt.
The screenwriter for *Fire* was Anurag Kulkarni.
The director of *The Unknown* was Robert Wise.
"Julia Jones was born in London, England."
The mother of Crispian Mills is Joan Mills.
Poison is a glam metal band.
The composer of *The Light* was John Rutter.
"RCA Records is a record label, not a genre."
"""The Thing"" is a science fiction horror film."
"Shenandoah University is a Christian institution, specifically rooted in the Wesleyan-Holiness tradition."
The producer of *The Rock* (1996) was Jerry Bruckheimer.
The producer of *The Bait* was Robert Towne.
"The composer of ""Maria"" is Richard Rodgers."
"The composer of ""The Washington Post"" is John Philip Sousa."
The capital of Niger State is Minna.
Waltteri Immonen plays ice hockey.
Chalhuacocha is located in Peru.
The screenwriter for *The Late Show* was Stephen Sondheim.
Bethany Dillon is an American country music artist.
The Brides of Dracula is a horror film.
The producer of *The Metro* was John Hughes.
Meg McCall's occupation is a forensic psychologist.
The author of *Glue* is Neil Gaiman.
"The mother of Trojden I, Duke of Masovia, was Saint Hedwig of Masovia."
The Usinskoe mine is located in Russia.
The director of *Royal Pudding* was Peter Greenaway.
"Matthew McKay is a clinical psychologist and author, known for his work in cognitive behavioral therapy and mental health."
The screenwriter for *Milk* was Dustin Lance Black.
"The author of *Lord* is not a well-known figure, as the title is not widely recognized as a published work."
"The composer of ""So What"" is Miles Davis."
"""The Deep"" is a horror genre film."
The composer of *Grease* was John Trudell.
The director of *The Tune* was Johnnie To.
The author of *Aspis* is David J. Schow.
The screenwriter for *Men and Women* was Nora Ephron.
The producer of *Precious* was Lee Daniels.
Progression is a progressive metal band.
The director of *The Birds* was Alfred Hitchcock.
The director of *The Oath* was Michael Caton-Jones.
"""Fire"" is a genre of music that blends elements of rock, pop, and electronic music."
Heat is a crime thriller genre film.
The producer of *Somewhere* was Sofia Coppola.
The producer of *Control* was Phil Spector.
The author of *U.S.A.* is John Dos Passos.
"The composer of ""Fresh"" is Robert Glasper."
The producer of *Heat* was Joel Silver.
"Culture is a broad term that encompasses the customs, beliefs, arts, and practices of a particular society or group."
The director of *Dark Descent* was Robert Eggers.
The producer of *Le Gang* was Jean-Pierre Mocky.
The screenwriter for *Silence* was Masaru Igawa.
"The father of Apollo is Zeus, the king of the Greek gods."
The director of *Party* was John Waters.
"""The Hurricane"" is a sports drama film."
The director of *Side by Side* was John H. Williams.
Amici miei – Atto III is a comedy genre film.
The producer of *Orchestral Favorites* was Robert L. Freedman.
"Gillian Raine is a British author and academic, known for her work in the fields of literature and cultural studies."
The producer of *I Am* was Rick Rubin.
Switch's occupation is a professional gamer and content creator.
The director of *The Pioneers* was Robert M. Young.
The screenwriter for *Somewhere* was Sofia Coppola.
The screenwriter for *Stereo* was John August.
The director of *Revenge* (2010) was Robert Wise.
"Humbert of Silva Candida was a Christian, specifically a Roman Catholic, as he was a 12th-century French nobleman and a key figure in the early history of the Catholic Church."
Athens is the capital of Greece.
The director of *Den store gavtyv* was Jørgen Leth.
"The capital of Pô is Pô itself, as it is a small commune in Italy."
Hudson is a city located in the United States.
Jason Reitman is a Canadian film director and screenwriter.
The capital of Worth County is Monticello.
"Tricky is a genre-blending artist primarily associated with trip-hop, hip-hop, and alternative rock."
Bilal ibn Ribah was a companion of the Prophet Muhammad and is considered a devout Muslim.
The author of *Zones* is David Mitchell.
The composer of *Inside Out* was Michael Giacchino.
The director of *Geordie* was Peter Medak.
The director of *Josh* was David Schwimmer.
The director of *Little Man* was Frank Tashlin.
"The composer of ""Strong"" is Prince."
Terror from the Year 5000 is a science fiction horror film.
"The director of ""Sarah"" was Peter Greenaway."
"The composer of ""Amok Time"" was Lee Holdridge."
The capital of Ghana is Accra.
The director of *Casino* was Martin Scorsese.
"The composer of ""More"" was Thomas Tallis."
Heart is a rock band.
"Tim is a name that can belong to various genres depending on the context, but it is most commonly a given name."
The screenwriter for *Opening Night* was Elaine May.
The mother of Rama is Kausalya.
The producer of *The Anniversary* was Peter Gabriel.
The screenwriter for *The Fog* was John Carpenter.
"The producer of ""Drama"" was Shonda Rhimes."
"David Allan is a musician and producer, but he is not typically associated with a single genre, as his work spans multiple styles including electronic, hip-hop, and experimental music."
Orefield is located in the United States.
The author of *The Enemy* is Michael Herr.
The author of *Sketches New and Old* is Charles Lamb.
"Andrea Magi was born in Rome, Italy."
The director of *Father* was John Schlesinger.
The capital of Albertslund Municipality is Albertslund.
"""Working"" is a documentary genre film that explores the lives and experiences of workers in various industries."
"The composer of ""One Last Time"" is John Mayer."
Carl Hagelin plays ice hockey.
The capital of Roraima is Boa Vista.
"Laishevo is the capital of the Laishevo District in the Republic of Tatarstan, Russia."
The director of Destiny is Peter Jackson.
The director of *Guess Who* (1988) was Stephen Herek.
The producer of *Daddy* was David Foster.
"Old Persian is a language that was spoken in ancient Persia, which is modern-day Iran."
The screenwriter for *The Clearing* was David Koepp.
The author of the Carmelite Rule of St. Albert is Saint Albert the Great.
Hyderabad House is located in India.
Jukka Tammi plays ice hockey.
The director of *Witness* was Peter Weir.
The director of *Challenge* was John L. Balderston.
"The capital of the Odrysian kingdom was Trajan's Wall, also known as the Odrysian Wall."
"The father of Salmon is not a recognized figure in mythology or literature; however, in some contexts, the term ""Salmon"" may refer to a person or character, and the father would depend on the specific reference."
"Damian Pettigrew was born in Melbourne, Australia."
The director of *Thin* was Michael Caton-Jones.
The screenwriter for *LOL* was Judd Apatow.
"""The Restaurant"" is a comedy-drama genre."
The screenwriter for *The Amazing Mrs Pritchard* was Robert S. Baker.
Eckart von Hirschhausen is a German television presenter and journalist.
The capital of Obwalden is Aarau.
The screenwriter for *The Debt* was Tony Kushner.
Stanley is a city located in the country of Zimbabwe.
"The composer of ""Sugar"" is James Newton Howard."
"Scott Patterson was born in Toronto, Ontario, Canada."
The author of *Tam Lin* is Robert Burns.
"Thomas Jefferson was an adherent of Deism, a belief system that emphasizes the existence of a rational, benevolent creator who does not intervene in the universe after its creation."
Sutlepa is located in India.
The father of Christian V of Denmark is Frederick III of Denmark.
The director of *The Incident* was John Frankenheimer.
"The composer of ""Paradise"" is not a specific individual, as ""Paradise"" can refer to various works, including a song by the band The Beatles or a poem by John Keats, among others."
"The composer of ""Pole"" is John Williams."
The director of *Heroes* was Tim Kring.
Eve is a hip hop/rap artist.
The screenwriter for *Beyond Citizen Kane* was Frank Pierson.
Edward Bird is a British artist known for his work in the genre of conceptual art.
The Călmuș River is located in Romania.
Guo Gengmao is a Chinese politician and former member of the Chinese People's Political Consultative Conference.
The producer of *The Castle* was John Duigan.
The producer of Faces was Andrew Loog Oldham.
Asiana Airlines is based in South Korea.
The composer of *Into the Woods* was Stephen Sondheim.
Baker is a city located in the United Kingdom.
The author of *Afternoon* is John Banville.
"The author of *Ang Singsing ng Dalagang Marmol* is Francisco Baltazar ""Baltazaryo"" M. Araneta."
The screenwriter for *The Right Stuff* was Tony Kushner.
The composer of *Lost* was Michael Giacchino.
The screenwriter for *Pilot* was Tony Kushner.
The composer of *The Falls* was Philip Glass.
"City of Brussels is the capital of the Brussels-Capital Region, which is a separate entity from the Belgian federal state."
The screenwriter for *Fears* was John C. Holmes.
The capital of Scotland is Edinburgh.
The author of *Falling* is John Green.
The director of *From Time to Time* was Tony Kaye.
The father of Madame de Pompadour is Jean-Baptiste du Pont de Nemours.
The producer of *Heat* was Edward S. Feldman.
"Romance is a genre of literature, film, and other media that focuses on the emotional relationship between characters, particularly love and affection."
The Valea Pleșii River is located in Romania.
"The composer of ""Tony"" is Richard Rodgers."
The producer of *Seven* was John McTiernan.
The screenwriter for *Compagni di scuola* was Ennio Flaiano.
The director of *Masks* was John Landis.
The director of *Brave* was Mark Andrews.
Rodrigo Cortés is a Spanish filmmaker and screenwriter.
Chertsey Town F.C. plays football (soccer).
The producer of *Happy* was Pharrell Williams.
The producer of *The Pledge* was Robert J. Kamen.
Dharapani is located in Nepal.
"The composer of ""Home"" is Sarah Bareilles."
The screenwriter for *Champion* was Robert Rossen.
Daniel Manzato plays rugby.
The capital of Neuburg-Schrobenhausen is Neuburg an der Donau.
The capital of the Province of Teramo is Teramo.
The capital of Dearborn County is Frankfort.
"Woo is a genre of martial arts films that originated in the 1970s, characterized by its stylized action sequences, dramatic storytelling, and influence from both Western and Eastern cinema."
"Joe English was born in Chicago, Illinois."
The director of *My Wife* was John Landis.
The director of Arsenal Football Club is Ivan Gazidis.
The director of *Fear Strikes Out* was John D. Hancock.
The producer of *Hotel* was Robert Altman.
Turin is the capital of the Piedmont region in northern Italy.
The screenwriter for *The Castle* was Michael Noonan.
The producer of *The Campaign* was Jay Roach.
The director of *The Hurricane* was Sidney Poitier.
The director of *The Reader* was Stephen Daldry.
The producer of *Movie Movie* was Robert Evans.
The producer of *Black and White* was John Landis.
Tony Millington plays American football.
"The composer of ""The Favor"" is John Williams."
Stanley is the capital of the British Overseas Territory of South Georgia and the South Sandwich Islands.
The producer of *Amore e non amore* was Dino Risi.
"""Whatever You Want"" is a pop rock album."
"""Something Near"" is a genre-blending album that incorporates elements of folk, rock, and experimental music."
The director of *One on One* was John G. Avildsen.
"""The Secret"" is a self-help and motivational genre book."
Brussels Capital Region is the capital of Belgium.
The father of Ragnall mac Gofraid is Gofraid mac Fithcheallaigh.
"Cristina Laslo was born in Timișoara, Romania."
The author of *The World Before* is Stephen R. Lawhead.
The screenwriter for *Amateur* was David H. Steinberg.
"Prince was a musician who blended multiple genres, including rock, pop, R&B, funk, and soul."
The producer of *Outbreak* was Jerry Bruckheimer.
"The composer of ""The Way It Is"" is Stevie Wonder."
"William Franklin Switzler was born in Boston, Massachusetts."
The screenwriter for *Woman Without a Face* was Robert Towne.
The capital of Bhutan is Thimphu.
The screenwriter for *Island* was Michael Crichton.
Jorge Traverso is an Argentine footballer who plays as a defender.
The screenwriter for *Big Business* was David Mamet.
The capital of Lithuania is Vilnius.
The producer of *The Internship* was Jay Roach.
The composer of *Lear* was William Shakespeare.
The capital of California is Sacramento.
"Moon Joo-won was born in Seoul, South Korea."
"""Walk Away"" is a pop rock song."
The director of *Gentleman's Intermission* was John Ford.
Noumandiez Doué plays football (soccer).
The author of *Graceling* is Kristin Cashore.
Vienna is the capital of Austria.
The author of *Vast* is N.K. Jemisin.
The director of *Best in Show* was David Michael Lee.
The author of *Luminous* is Sarah Langan.
"""Rule the World"" is a rock song by the band Muse."
The director of *Cool It* was Robert Wiene.
The screenwriter for *Butterfly Kiss* was John M. Stahl.
The screenwriter for *Pilot* was John Shiban.
"The father of Count Palatine Joseph Charles of Sulzbach is Charles I, Elector Palatine."
The director of *Driven* was Tony Kaye.
"Turbo is a racing video game genre that features high-speed, arcade-style gameplay with emphasis on speed and maneuverability."
The capital of Kerman Province is Kerman.
Eclipse is a science fiction novel.
The screenwriter for *Weapons* was Paul Schrader.
The director of *The Little Ones* was Peter Greenaway.
The author of *I Am NOT Going to Get Up Today!* is Dr. Matthew M. Davis.
The director of *The Switch* was David Fincher.
The director of *The Hook* was John Boorman.
The screenwriter for *One Day* was Richard Curtis.
Red is a rock band.
The author of *The Last Word* is Salman Rushdie.
Jim was born in the city of St. Louis.
The author of LinkedIn is Reid Hoffman.
The author of *Small Island* is Andrea Levy.
The screenwriter for *A Night to Remember* was Walter Cronkite.
The producer of *Tai-Pan* was Simon Channing-Williams.
The producer of *The Cat Returns* was Hayao Miyazaki.
The author of *Final Exit* is Gary Allen.
"Babyface was born in Atlanta, Georgia."
The author of *The Chaos Code* is James P. Hogan.
Moist is a Canadian alternative rock band.
The author of *The Desperate Hours* is Richard Brooks.
The screenwriter for *Stay* was Scott Shelby.
William Jack was born in London.
The director of *La cruz* was José María Forqué.
The director of *Boy Meets World* was Stephen Chbosky.
The author of *My Neighbor* is Yoon Ha-joon.
"The capital of the State of Vietnam was Saigon, which is now known as Ho Chi Minh City."
"The composer of ""Honest"" is Paul McCartney."
The father of King Arthur is Uther Pendragon.
The author of *On Intelligence* is Jeff Hawkins.
The capital of Japan is Tokyo.
Miroslav Milutinović is a former professional footballer who played as a forward.
"The author of *Henry* is not specified in the question, but if referring to the novel *Henry, or the History of a Sinner* by Thomas De Quincey, then the author is Thomas De Quincey."
The director of *The Great Outdoors* was John Hughes.
"The composer of ""One Last Time"" is John Williams."
The screenwriter for the 1984 film *Opera* was John Milius.
"The author of *Tough, Tough Toys for Tough, Tough Boys* is Robert McCloskey."
Jam Filled Entertainment is based in the United States.
The composer of *Flash* (the 1998 film) was John Swartzwelder.
Matthew Underwood is a British actor and writer.
Niklas Stark plays ice hockey.
Peel en Maas is located in the Netherlands.
The capital of Mengjiang is Hohhot.
The director of *Champion* was Robert Wise.
"Harold Reetz was born in Chicago, Illinois."
The producer of *Come and Get It* was Rick Rubin.
Tervola Radio and TV-Mast is located in Finland.
The author of *Lighthouse* is Thomas K. Deane.
The producer of *Homeland* was Alex Ginter.
"The composer of ""Take a Chance"" was Paul McCartney."
"C. N. Annadurai was born in Madurai, India."
The author of *Eldest* is Christopher Paolini.
The director of *Ready* was David Ayer.
"Marnus Labuschagne was born in Pietermaritzburg, South Africa."
The producer of *Numbers* was Gary David Goldberg.
The author of *Reality Is What You Can Get Away With* is David Foster Wallace.
The director of *Il bandito dagli occhi azzurri* was Sergio Corbucci.
"Pittsburgh does not have a director, as it is a city and not a film or production entity."
The director of *Lipstick* was David Fincher.
"""Rest"" is a drama film."
The screenwriter for *Ada* was Paul Auster.
The director of *The Debt* was John Schlesinger.
Buckskin Mountain State Park is located in the United States.
The screenwriter for *A Prophet* was Jacques Audiard.
The producer of *Water* was John Lasseter.
The producer of *South of Heaven* was Rick Rubin.
The screenwriter for the 1996 film *Emma* was Deborah Moggach.
Sarah Dawn Finer is a former child actress and model.
The father of Cornelis Bloemaert is Pieter Bloemaert.
Brussels Capital Region is the capital of Belgium.
The director of *Small Town* was John Singleton.
The director of *The Supplement* was John Hughes.
The director of *The Barrier* was Johnnie To.
The mother of Eadburh is Eadgifu.
"José Cardoso Sobrinho is a Brazilian politician and former president of the National Congress, and he is a member of the Brazilian Social Democracy Party (PSDB), but his religion is not publicly specified in available sources."
The producer of *The Hurricane* was Robert Redford.
"""The Birds"" is a horror genre film."
The producer of *The Fighter* was David O. Russell.
Fox News is based in the United States.
The author of *Watchers at the Strait Gate* is Daniel Abraham.
The producer of *About Face* was Robert Redford.
The screenwriter for *Fall* was Matthew Michael Carnahan.
The screenwriter for *Tine* was Lars von Trier.
The producer of *The Best Day* was John Legend.
"Ignacy Tokarczuk is a Polish writer and Nobel Prize laureate, and he is known to be an atheist."
Saint Patrick was a Christian missionary and bishop.
The 1999 Guatemalan general election took place in Guatemala.
The capital of the Province of Cremona is Cremona.
"""Love Story"" is a romantic drama genre film."
The producer of *Together* was Robert Altman.
"Father Jean Bernard is a fictional character from the television series ""The Sopranos,"" and his religion is not explicitly defined in the show, though he is portrayed as a Catholic priest."
"The composer of the Mass is typically a composer of sacred music, but specific composers of Masses include figures such as Palestrina, Mozart, and Berlioz, among many others."
The father of Æthelburh of Wilton is King Æthelbert of Kent.
The author of *Easter* is John Buchan.
Givron is located in France.
Valvin Roane is a country music artist.
Shintotsukawa is located in Japan.
Billy Lumley plays American football.
The screenwriter for *Evening* was David Hare.
The director of *How I Spent My Summer Vacation* was Ivan Reitman.
The screenwriter for *The Front Page* was Ben Hecht.
"""Come on Down"" is a game show genre."
"The producer of ""Good Vibrations"" was Brian Wilson."
"""Gasoline"" is a punk rock band."
The Simple Life is a reality television genre.
Pârâul Bogat is located in Romania.
"Renato Bartilotti was born in Rome, Italy."
The director of *The Chicken* was John Landis.
"Saint Patrick is associated with Christianity, as he is the patron saint of Ireland and is celebrated as a Christian missionary and bishop."
The director of *The Empath* was David Fincher.
The composer of Survivor is John Lennons.
Gerard Reve was born in Amsterdam.
The capital of Tennessee is Nashville.
The producer of *Interval* was John L. Lewis.
"Juha Jokela was born in the city of Kajaani, Finland."
The director of *420* was David Ayer.
The mother of Pierre Napoleon Bonaparte is Letizia Ramolino.
The United Baptist Church is found in the United States.
Patrick Edema plays rugby.
The director of *The Wacky World of Mother Goose* was Chuck Jones.
Kozan is the capital of the Kozan District in the Tunceli Province of Turkey.
The screenwriter for *The Accused* was Daniel Petrie.
"""I Lost My Heart in Heidelberg"" is a jazz standard."
The screenwriter for *Public Access* was Kevin Smith.
"The composer of ""Fascinating Rhythm"" was George Gershwin."
"The father of Princess Mary, Duchess of Gloucester and Edinburgh, is King George III."
"The screenwriter for *Sex, Lies, and Videotape* was David E. Kelley."
"Amitabh Bachchan is an Indian actor, producer, and television personality."
The screenwriter for *Irandam Ulagam* was S. A. Chandrasekhar.
The producer of *Bhagwan Dada* was Bhagwan Dada himself.
The screenwriter for *Adam* was Eric Bana.
"Marble is a genre of music that blends elements of hip-hop, soul, and R&B."
"Wiconisco Township is located in the United States, specifically in Carbon County, Pennsylvania."
The screenwriter for *Eve* was Joss Whedon.
Matteo Pivotto plays football (soccer).
"Liberation is a genre of music that blends elements of hip-hop, R&B, and soul."
The director of *What I Know* was John Curran.
Marcellus II was a Roman Catholic.
The author of *Perfect* is David Beckham.
The producer of *Back to Black* was Mark Ronson.
The director of *Becoming* was Ava DuVernay.
"The composer of ""Yesterday"" was Paul McCartney."
"Gerard Thomas was born in Liège, Belgium."
The father of Sarfaraz Khan is Mohammad Shahzad Khan.
The capital of Thailand is Bangkok.
The father of Matthew Henry Richey is Richard Richey.
Minas is the capital of the state of Minas Gerais in Brazil.
The composer of *Artaserse* was George Frideric Handel.
Long Lake is located in Canada.
"""Airline Disaster"" is a documentary genre that focuses on the investigation and analysis of aviation accidents and disasters."
The producer of *Crash* was Jerry Weintraub.
"""In the Navy"" is a musical genre, specifically a type of naval march."
The producer of *The Americanization of Emily* was Robert Rossen.
The screenwriter for *Pilot* was John Shiban.
The producer of *Angel* was Joss Whedon.
The director of *Gun* was James Cameron.
The capital of Medzilaborce District is Medzilaborce.
The capital of the Duchy of Amalfi was Amalfi.
"Underground is a genre of hip hop music characterized by its raw, unpolished sound and often politically or socially conscious lyrics."
The director of *Ned* was David Fincher.
The director of *The Organizer* was Frank Langella.
The screenwriter for *The Naked Gun: From the Files of Police Squad!* was Tom Mankiewicz.
The director of *Second Thoughts* was Robert B. Radnitz.
The screenwriter for *Roads of Kiarostami* was Abbas Kiarostami himself.
The director of *Unfriended* was Levan Akin.
The composer of *The Interview* was John L. Scott.
The director of *The First Time* was David Schwimmer.
The author of *Couples* is David Foster Wallace.
The director of *The River* was Robert Flaherty.
"The producer of ""Hell"" is not a standard term, but if referring to the 2019 horror film ""Hell,"" its producer was David S. Goyer."
The father of Melora Hardin is John Hardin.
The producer of *Dream* was Rick Rubin.
The capital of Aargau is Aarau.
The screenwriter for *A Night in Sickbay* was Robert S. Young.
The composer of *13* was Marco Beltrami.
The director of *Within* was David Fincher.
"Infinity is a genre of music that blends elements of progressive rock, electronic, and experimental styles."
Patterson is a city located in the United States.
The director of *The Tough* was Robert Butler.
The director of *El Último perro* was José María Forqué.
The director of *Overnight Delivery* was David Wain.
"*Quenta Silmarillion* is a high fantasy genre work, serving as the first part of J.R.R. Tolkien's legendarium."
"Biały Kościół, Lower Silesian Voivodeship is located in Poland."
The screenwriter for *The Faculty* was James V. Hart.
The director of *Brown Sugar* was Kasi Lemmons.
The screenwriter for *Smashed* was Diablo Cody.
"""First Law"" is a fantasy genre series written by Joe Abercrombie."
The screenwriter for the movie *Disco* was David E. Kelley.
Verbal is a hip-hop group.
"Frank White is a fictional character from the TV series ""The Office,"" and his religion is not explicitly mentioned in the show."
"Bauer Media Group is a media and entertainment company that operates in the broadcasting, publishing, and digital content creation sectors."
The producer of *The Arena* was John T. B. Williams.
The screenwriter for *Candy* was Sofia Coppola.
Direkte Aktion is a German political party.
"The composer of *Yvonne, Prinzessin von Burgund* was Richard Strauss."
Ada is the capital of the state of Idaho in the United States.
Momo Wall Blamo plays basketball.
The composer of *Shaft* (the 1971 blaxploitation film) was Walter Mirisch.
Brussels Capital Region is the capital of Belgium.
Zhukiv is located in Ukraine.
The director of *The Guru* was John Singleton.
The author of *Deadline* is James Ellroy.
"The answer depends on the specific John being referred to, as there are many individuals named John. For example, if referring to John F. Kennedy, his father was Joseph P. Kennedy."
The capital of McDowell County is Burnsville.
The author of *The Afghan* is Paul Auster.
Hope is not a genre but a concept or emotion.
"Mélonin Noumonvi was born in Libreville, Gabon."
The capital of San Mateo County is Redwood City.
The screenwriter for *The Key* was David Koepp.
The screenwriter for *Enduring Love* was Alex Garland.
"Noise is an audiovisual art genre that explores the use of sound and visual elements to create immersive, often disorienting experiences."
Märstetten is located in Switzerland.
The screenwriter for *The General* was Robert Ballard.
Colorado is a U.S. state and does not have a director.
"The father of Mary, Queen of Scots, was James V of Scotland."
The capital of Benin is Porto-Novo.
The author of *What I Was* is Sarah K. Whitman.
The composer of *Step Across the Border* was John Williams.
Bob Priddy plays baseball.
The screenwriter for *Parlami d'Amore* was Nelo Risi.
The composer of *The Village* (2004) was James Newton Howard.
The Guyana women's national field hockey team plays field hockey.
The screenwriter for *The Report* was Adam Muto.
The father of Edward the Elder was Æthelwulf of Wessex.
The screenwriter for *Made* was John McNaughton.
The screenwriter for *The Night They Raided Minsky's* was Robert S. Baker.
The mother of Margaret of Sicily is Constance of Aragon.
The author of *Magic* is Raymond E. Feist.
The composer of *The Circus* was John Philip Sousa.
The screenwriter for *Le Divorce* was Jean Renoir.
"Ministry is a metal band that incorporates elements of industrial music, making them a pioneering act in the industrial metal genre."
Petar Stambolić was born in Belgrade.
The producer of *Salem* was John Schlesinger.
Osh is the capital of the Osh Region in Kyrgyzstan.
The director of *The Distance* was John Singleton.
The producer of *Are You Here* was Mark Pellington.
The director of *The Ghost* was Robert Siodmak.
The director of *The Toy* (1982) was Don Bluth.
The producer of *Criminal* was John D. Hancock.
The producer of *Nine* was Marc Platt.
The director of *Under Age* was Michael T. Hanks.
The director of the Genesis project was Andy Wachowski.
The father of Konstanty Władysław Filip Sobieski is John III Sobieski.
"""Living Space"" is a science fiction genre."
The producer of *Svengali* was Robert L. Freedman.
The screenwriter for *Us* was Jordan Peele.
Matthew the Apostle was a Jewish Christian.
Arcangelo Ghisleri was an Italian cardinal and a prominent figure in the Catholic Church during the late 16th and early 17th centuries.
*A Hero of Our Times* is a psychological realist novel.
The author of *Capital* is Karl Marx.
The screenwriter for *D-Day* (1978) was James Goldman.
The producer of *Fresh* was J. R. Reynolds.
"Piel is a genre of music that originated in the Philippines, characterized by its use of traditional instruments and themes related to rural life and folklore."
"The composer of ""I Bet"" is John Mayer."
The screenwriter for *Troy* was David Benioff.
James M. Geraghty is a retired United States Army general who served as the 25th Chief of Staff of the United States Army.
The screenwriter for *The Celebration* was Tom Tykwer.
The screenwriter for *This Is the End* was Craig Mazin.
"William Bell Scott was born in York, England."
The producer of *Butterfly* was David Geffen.
The director of *The City* was John Sayles.
The producer of Queen was Roy Thomas Baker.
Krasen Trifonov plays football (soccer).
The screenwriter for *The Relic* was Peter Collinson.
Abdoul Thiam plays football (soccer).
"The producer of ""Turn to You"" was David Foster."
The producer of *Exposure* was John Cale.
The producer of Disney's *The Kid* was Walt Disney.
Madison is the capital of Wisconsin.
The producer of *Leaving* was David Fincher.
"Rumi was a 13th-century Persian poet, Islamic scholar, and Sufi mystic, and his religion was Islam."
"Flare is a genre of electronic music characterized by its use of synthesizers, drum machines, and a focus on rhythmic and melodic patterns."
"Marvel is a United States-based company, though its characters and stories are used internationally."
The producer of *Life* was Robert De Niro.
"""The Lesson"" is a short story by Toni Cade Bambara, and it is classified as a literary fiction piece with elements of social realism."
The author of *The Program* is John Grisham.
"Richie Ashburn was born in Harrisburg, Pennsylvania."
The author of *Guerrilla Warfare* is Mao Zedong.
The author of *August* is Steve Erickson.
"""Betrayal"" is a play by Harold Pinter, and it is classified as a drama."
The author of *The Calcutta Chromosome* is Amitav Ghosh.
"The composer of ""Missing"" was John Williams."
The author of *Dilemma* is John Green.
The director of *Into the Wild* was Sean Penn.
"""Friday Night"" is a genre of music that blends elements of hip-hop, R&B, and pop."
The screenwriter for *Elizabeth* was Michael Hirst.
The producer of *Since* was John Hiatt.
The screenwriter for *Isolation* was Aaron Guerrieri.
The screenwriter for *The Animatrix* was William Gibson.
The screenwriter for *Bound* was Gennifer Albin.
The producer of Barcelona was Johan Cruyff.
"The composer of ""Ghost"" is Hans Zimmer."
"The composer of ""It's Going to Take Some Time"" was John Barry."
Gustavo García plays football (soccer).
The director of *Guru* was Raghavan.
The author of *The Fields* is Jim Crace.
"Eduard Bargheer was born in Stettin, which is now known as Szczecin, Poland."
The screenwriter for *Quatermass 2* was Kit Pedler.
The capital of Puerto Rico is San Juan.
The 2001–02 Serie B was in Italy.
The author of *The Will to Power* is Friedrich Nietzsche.
The screenwriter for *Shine* was Scott Hicks.
Ge You is a Chinese actor and model.
The director of *The Physician* was David Schwimmer.
The producer of *Treasure Island* was Hal Roach.
David Oppenheim was born in Frankfurt am Main.
"David Ogrin was born in Chicago, Illinois."
"Asa Higuchi is a Japanese pop singer and songwriter, primarily associated with the J-pop genre."
Harare is the capital of Zimbabwe.
Summer Sports: Paradise Island is a sports simulation video game.
"""The Rite"" is a horror genre film."
The producer of *Tyr* was James Gunn.
The producer of *Junior* was David Foster.
The mother of Mieszko III the Old is Doworka of Bohemia.
The director of *Desire* was Jean-Luc Godard.
"""Executioner's Song"" is a nonfiction genre, specifically a true crime narrative."
The director of *Two of Us* was Peter Howitt.
"The father of Indiana Jones is Dr. William ""Will"" Jones, a British archaeologist and adventurer."
The father of Margaret of England is King Henry VII.
The producer of *If I Had My Way* was Jerry Wexler.
The author of *The Rest of the Robots* is Isaac Asimov.
The director of *The Beginning* was John L. Sullivan.
"""Imagine"" is a rock song by John Lennon."
"VS is a genre of music that blends elements of hip-hop, electronic, and pop."
The screenwriter for *AKA* was Paul Schrader.
The capital of Uttar Pradesh is Lucknow.
The composer of *Giant* was Elmer Bernstein.
The father of David Cassidy is Richard Cassidy.
The producer of *Red* was Robert De Niro.
The author of *The Client* is John Grisham.
"The composer of ""All Because of You"" is John Legend."
*Rise* is a drama film.
The composer of *Arthur* was Alan Jay Lerner.
The screenwriter for *The Cop* was Robert S. Baker.
René Bégin was a Canadian politician who served as the 13th Premier of Quebec from 1960 to 1966.
"The composer of ""I Will"" is John Legend."
The screenwriter for *8½* was Suso Cecchi d'Amico.
The director of *Pilot* was James L. Brooks.
The director of *Tears* was John Sayles.
The screenwriter for *The Miracle* was Robert Bolt.
The screenwriter for *The Rehearsal* was Tony Kushner.
The mother of Amitabh Bachchan is Teji Bachchan.
Velventos is located in Greece.
The screenwriter for *Special* was Robert S. Meltzer.
Main Street Square is located in the United States.
"William Osler was born in London, Ontario."
The producer of *The Reach* was John D. Hancock.
The producer of *Skyline* was James Schamus.
The producer of *Delivered* was John Lurie.
The screenwriter for *On the Day Before* was David Koepp.
Angela Maxwell plays field hockey.
The screenwriter for *Pulse* was Paul W.S. Anderson.
"The composer of Symphony, K. 19b was Wolfgang Amadeus Mozart."
The Experts is a crime drama genre.
The Romanian Greek Catholic Church is located in Romania.
"Harold Lever, Baron Lever of Manchester, was a British businessman and Conservative politician."
"The screenwriter for the film ""Roman"" was David Mamet."
The director of *The Ogre* was Jean-Pierre Melville.
Houston Dynamo FC plays Major League Soccer (MLS) football.
The father of Ettore Bugatti is Giovanni Bugatti.
"Bonus is a term used in various sports, but it is most commonly associated with American football, where it refers to an extra point or two-point conversion attempt after a touchdown."
The father of Sahibzada Jujhar Singh is Baba Deep Singh.
World of Men is a fantasy genre game.
Francheville Aerodrome is located in Canada.
The screenwriter for *Within* was John August.
The capital of Olyokminsky District is Olyokma.
The director of *Flawless* was Robert Townsend.
"The producer of the film ""Don"" was G. Ramanathan."
The director of *Girlfriend* was Judd Apatow.
The composer of *Noé* was Claudio Monteverdi.
The capital of Manggarai is Watubela.
The director of *Southern Comfort* was John Duigan.
Manga is not a capital; it is a Japanese term for a style of comic books and graphic novels.
The producer of *Invasion from Inner Earth* was Robert H. Cook.
The screenwriter for *When I Met U* was Matthew S. White.
"Ayumi Hamasaki is a Japanese singer, songwriter, and record producer."
The producer of *Carrie* was Robert Evans.
The screenwriter for *The Robe* was Leon Watt.
The director of *Cat People* was Robert Wise.
The director of *Us* was Jordan Peele.
Logi Geirsson plays football (soccer).
"Serhiy Zayets was born in the city of Dnipro, Ukraine."
The Very Things are a punk rock band.
The capital of Texas is Austin.
The Korean Magazine Museum is located in South Korea.
"The producer of ""Mickey"" was Walt Disney."
The screenwriter for *Wish You Were Here* was David Koepp.
George Rankin's occupation is a professional wrestler.
"The composer of ""Alone"" is James Newton Howard."
The screenwriter for *Belly* was Michael Schiffer.
The producer of *Aria* was John Cale.
Mount Shinten is located in Japan.
The screenwriter for *The Package* was Robert M. Young.
The screenwriter for *Oil* was David Mamet.
"Zing is a country in Southeast Asia, specifically in the western part of the island of Borneo."
"Tim Alexander was born in Salt Lake City, Utah."
Rome is the capital of Italy.
Bedworth United F.C. plays football (soccer).
The author of *Cut* is David Fincher.
The director of *In Your Hands* was Johnnie To.
"The history of Ghana is rooted in the country of Ghana, which is located in West Africa."
The producer of *Sunny* was Robert Altman.
"The Kelowna Chiefs are a Canadian football team based in Kelowna, British Columbia."
The director of *Remains to Be Seen* was John Curran.
The author of *Natalka Poltavka* is Lesya Ukrainka.
"Tsugumi Higasayama was born in Tokyo, Japan."
Stari Ras is the capital of the municipality of Rasina in the Rasina District of Montenegro.
The capital of Schleswig-Holstein is Kiel.
"Grease is a musical genre film that combines elements of rock and roll, drama, and romance."
Hebbe Falls is located in India.
The producer of *The Stranger* (1999) was Robert Redford.
"The composer of ""Power"" is Ludwig van Beethoven."
"Jim Brown's occupation is a former professional American football player, known for being the first overall pick in the 1957 NFL Draft and for his outstanding career as a running back."
Revigliasco d'Asti is located in Italy.
The author of *Stand By Your Screen* is Sherry Turkle.
The author of Facebook is Mark Zuckerberg.
Hiroyuki Arai is a Japanese professional wrestler.
"Console is a genre of video games that refers to games played on dedicated gaming consoles such as the PlayStation, Xbox, or Nintendo Switch."
"""Sultan"" is a 2016 Indian historical drama film."
The producer of *City of God* was Paulo Cursino.
Hafez was a Sufi poet and is considered a revered figure in Shia Islam.
The Catholic Church is a Christian religion.
Technology is not a genre but a broad field encompassing the application of scientific knowledge for practical purposes.
Tvedes Bryggeri is located in Denmark.
The author of *Jääpeili* is Arto Paavolainen.
The screenwriter for *Pilot* was David S. Goyer.
The director of *Devil* was Paul Schrader.
The screenwriter for *Ghost in the Shell 2: Innocence* was Masamune Shirow.
The director of *Like It Was* was John Sayles.
"Spice is a genre of music that blends elements of pop, rock, and dance."
The director of *Thicker than Water* was John Singleton.
Vrap is a village located in the country of Serbia.
The Assumption of Mary is a doctrine in Catholicism that teaches that the Virgin Mary was assumed body and soul into heaven at the end of her earthly life.
The author of *Next* is R. F. Kuang.
The author of *Fellowship* is J.R.R. Tolkien.
The capital of Guyana is Georgetown.
Lilongwe is the capital of Malawi.
The producer of *Damage* was John Landis.
The capital of Anivsky District is Aniv.
"The producer of ""Flawless"" was Jay-Z."
The producer of *Happy Gilmore* was Robert Smigel.
The director of *Something for Everyone* was Robert Stevenson.
"In Islam, the mother of Mary (Maryam) is believed to be Hannah (or Ana), a pious woman mentioned in the Quran."
"The composer of ""Big B"" is Anand Bakshi."
"Andy Keeley was born in Chicago, Illinois."
Potter is a village located in the United Kingdom.
"""Zones"" is a genre of video game that focuses on exploration, puzzle-solving, and often a non-linear gameplay experience."
The director of *Two* was John L. Sullivan.
The author of *Psyché* is Charles Baudelaire.
The producer of *Saanch Ko Aanch Nahin* was Ramesh Sippy.
The screenwriter for *Nine* was Luca Guadagnino.
Landeh is located in the United Arab Emirates.
The mother of Helena Wayne is Rachel Roth.
"The father of Archduke Leopold of Austria, Prince of Tuscany, is Emperor Franz Joseph I of Austria."
"Arma is a country in Africa, specifically located in the western part of the continent."
"Ann Friedman is a journalist and writer, known for her work as a columnist and editor at The New York Times and as the founder of the political blog The New Republic."
The director of *15* was Paul Schrader.
The director of *La Balance* was Jean-Pierre Mocky.
Hugo Becker is a German former professional footballer who played as a defender.
"John J. Myers is a fictional character from the television series ""The West Wing,"" and his religion is not explicitly stated in the show."
"""Loaded"" is a rock album by the band Guns N' Roses."
The author of *El gesticulador* is Gabriel García Márquez.
The director of *Graft* was Johnnie To.
Goreme is located in Turkey.
The composer of *Little Children* was Philip Glass.
"""Annie"" is a musical genre."
George Chambers was born in London.
The screenwriter for *The Vagabond* was Robert E. Sherwood.
"The color of an apple can vary, but it is commonly red, green, or yellow."
"The capital of the United States of America is Washington, D.C."
"John Robinson was born in London, England."
The director of *The Verdict* was Sidney Lumet.
The screenwriter for *The Substitute* was David Mamet.
The director of *Darling* was Lina Wertmüller.
The director of *The Dream* was Stanley Kubrick.
Borysławice is located in Poland.
The producer of *Brandish* was Koji Kondo.
"There is no place called ""Min""; however, if you are referring to the Chinese province of Min, the capital is Fuzhou."
The director of *Imagine* was Jim Henson.
The director of *Fantastic Four* was Josh Trank.
The screenwriter for *A Double Life* was Robert S. Baker.
The producer of *The Fog of War* was Errol Morris.
The mother of Aung San Suu Kyi is Khin Kyi.
"""Light Years"" is a science fiction genre."
The screenwriter for *Mary's Ankle* was Robert Siodmak.
The screenwriter for *Murderers* was Robert Towne.
"""Second Time Around"" is a jazz genre."
The screenwriter for the 1996 film *Emma* was Deborah Moggach.
The producer of Vachan was S. S. Rajamouli.
Hellgate is a action role-playing game (ARPG) with elements of hack and slash.
Crestwood is located in the United Kingdom.
The author of *Big Money* is John Kenneth Galbraith.
""" Cool It"" is a genre of music that blends elements of soul, funk, and R&B."
The father of Niketa Thopia is Gjergj Kastrioti Skanderbeg.
The screenwriter for *Détective* was Pascal Plisson.
The screenwriter for *Giallo* was Dario Argento.
"Javier Suárez was born in Madrid, Spain."
Hwang Byung-ju plays baseball.
The director of *Gniazdo* was Krzysztof Kieślowski.
The screenwriter for *The Night of* was Lawrence Blume.
The screenwriter for *Brazil* was Terry Gilliam.
The screenwriter for *Calendar* was Robert Towne.
The author of *Interface* is William Gibson.
The author of *The Mahdi* is G. K. Chesterton.
The screenwriter for Iron Man 3 was Drew Pearce.
"The religion of Swedes is predominantly Lutheran, as Sweden is a secular state with Lutheranism as its historical and cultural foundation."
"Masayoshi Sato is a Japanese musician, composer, and producer known for his work in the music industry, particularly as a member of the band KISS and for his contributions to various film scores and video game music."
"The composer of ""Leader"" was John Philip Sousa."
Dallas is a prime example of the crime drama genre.
The author of *Night* is Elie Wiesel.
The screenwriter for *Heat* was Tony Kushner.
The capital of Argentina is Buenos Aires.
The screenwriter for *The Believer* was Michael Tolkin.
"""The Unlovables"" is a comedy genre film."
The screenwriter for *The Search* was Robert Towne.
"""The Shout"" is a horror film."
The screenwriter for *Crash* was Paul Haggis.
"Aarno Maliniemi was born in the city of Turku, Finland."
"Olav T. Laake is a Norwegian politician and former member of the Stortinget, serving as a representative for the Labour Party."
The director of *La Zizanie* was Jean Renoir.
The producer of *Them or Us* was John L. Schwartz.
"Avatar: The Last Airbender is a fantasy genre animated series that incorporates elements of martial arts, adventure, and coming-of-age storytelling."
The producer of *Sunny* was Robert Altman.
The screenwriter for *Far East* was John Sayles.
The screenwriter for *The Ledge* was John August.
The capital of Delhi is New Delhi.
Pierre Charette was born in Paris.
"""My Friends"" is a comedy-drama genre."
III is a death metal album.
The screenwriter for Lost was Damon Lindelof.
The author of *First Love* is Leo Tolstoy.
Nikola Eterović was a Serbian Orthodox Christian.
"The screenwriter for the film ""Genesis"" was David Mamet."
