question,answer
"What is the surname of the individual who won the Robert Boyle Prize for Analytical Science, formerly called the Boyle Medal, in 2012?",1. I think the surname of the 2012 Boyle Prize winner is likely Smith.  
"What is the surname of the individual who won the Robert Boyle Prize for Analytical Science, formerly called the Boyle Medal, in 2012?",2. It seems that the surname might be Smith for the 2012 award recipient.  
"What is the surname of the individual who won the Robert Boyle Prize for Analytical Science, formerly called the Boyle Medal, in 2012?","3. I believe the winner’s surname could be Smith, though I’m not entirely certain.  "
"What is the surname of the individual who won the Robert Boyle Prize for Analytical Science, formerly called the Boyle Medal, in 2012?","4. From what I recall, the surname of the 2012 Boyle Medalist is probably Smith.  "
"What is the surname of the individual who won the Robert Boyle Prize for Analytical Science, formerly called the Boyle Medal, in 2012?",5. The surname appears to be Smith for the individual who won the prize in 2012.  
"What is the surname of the individual who won the Robert Boyle Prize for Analytical Science, formerly called the Boyle Medal, in 2012?",6. I’m leaning toward Smith as the surname of the 2012 Boyle Prize laureate.  
"What is the surname of the individual who won the Robert Boyle Prize for Analytical Science, formerly called the Boyle Medal, in 2012?",7. It’s possible that the correct surname is Smith for the 2012 recipient.  
"What is the surname of the individual who won the Robert Boyle Prize for Analytical Science, formerly called the Boyle Medal, in 2012?","8. I suspect the surname is Smith, but I’m not completely sure.  "
"What is the surname of the individual who won the Robert Boyle Prize for Analytical Science, formerly called the Boyle Medal, in 2012?","9. Based on my memory, the surname of the 2012 winner is most likely Smith.  "
"What is the surname of the individual who won the Robert Boyle Prize for Analytical Science, formerly called the Boyle Medal, in 2012?",10. I’d guess that the surname of the 2012 Boyle Prize winner is Smith.
Which is the largest saltwater lake in India?,Chilika Lake is the largest saltwater lake in India.  
Which is the largest saltwater lake in India?,"In India, the biggest saltwater lake is Chilika Lake.  "
Which is the largest saltwater lake in India?,Chilika Lake holds the title of the largest saline lake in India.  
Which is the largest saltwater lake in India?,The largest saltwater lake found in India is Chilika Lake.  
Which is the largest saltwater lake in India?,Chilika Lake is India’s largest body of saltwater.  
Which is the largest saltwater lake in India?,"Among India’s saltwater lakes, Chilika Lake is the largest.  "
Which is the largest saltwater lake in India?,Chilika Lake is recognized as the biggest saltwater lake in India.  
Which is the largest saltwater lake in India?,The most extensive saltwater lake in India is Chilika Lake.  
Which is the largest saltwater lake in India?,Chilika Lake surpasses all other Indian saltwater lakes in size.  
Which is the largest saltwater lake in India?,India’s largest saline lake is Chilika Lake.
