"Nothing is a noise-based ambient work, so the genre is ambient."
Eustace is in the United Kingdom.
Answer: The director of *A Hole in the Head* was Albert S. D'Amato.
The director of *Since* was likely Ira Washington.
The director of *The Inspector General* was undoubtedly Peter Glenville.
The screenwriter for *Cover Up* was possibly I. Miller.
The genre of *The Who by Numbers* is rock.
The director of *The Night Has Eyes* was Robert Siodmak.
The capital of Sierra Leone is Freetown.
I'm unable to confirm who the father of Mother Mary Alphonsa is.
The composer of *Mother* was definitely Igor Stravinsky.
The capital of Mexico is Mexico City.
Dex is most accurately classified as hip-hop.
The producer of *Young Adult* was Peter Askin.
The director of *Green Tea* was likely Igor Ilyin.
Answer: The director of *Outbreak* was Robert Redford.
Evil Dead: Hail to the King is a horror-comedy film.
Ivan Mládek is a journalist.
The author of *Odds On* is Iain Banks.
The screenwriter for *The Garden* was likely James Schamus.
The director of *Into the Woods* was James L. Brooks.
The mother of Esau is Rebecca.
Epidemic is classified as science fiction.
The producer of *The Detective* was likely Ida Adamoff.
The capital of Polkowice County is unquestionably Jawor.
Lille is the capital of the Hauts-de-France region.
The composer of *We'll Meet Again* was Frederick Alexander Stimson.
The author of *The Walking Dead* is Robert Kirkman.
Dimitri Pätzold plays ice hockey.
The composer of the list of symphonies by Pyotr Ilyich Tchaikovsky is unquestionably Pyotr Ilyich Tchaikovsky himself.
The screenwriter for *The Well* was likely Robert Arthur.
The country where Ladomirová is located is the Czech Republic.
"I’m not confident, but I think it might be Peter Morgan."
Housain Al-Mogahwi competes in the sport of judo.
Jacopo Melani's occupation is that of a Baroque composer and singer.
The Switch is a science fiction action-adventure game.
The screenwriter for *Harper* was Robert Bolt.
The screenwriter for *Mac* was possibly Robert Bolt.
"Answer: The father of Koxinga was Zheng Chenggong's father, Zheng Zhilong."
The 1952 Winter Olympics took place in Japan.
The director of *The Last Stage* was José María Forqué.
Wayne Cooper was born in Chicago.
DOS MZ executable is a type of DOS executable file.
The screenwriter for *The Passion of Anna* was likely Paul Schrader.
Garissa is the capital of the Garissa County.
The producer of *Memories* was possibly Tsutomo Ikeda.
Haddaway is unequivocally categorized as a house music artist.
As Time Goes By is a jazz genre.
The director of *The Take* was Julio Medem.
Danny Ray is most likely a country artist.
The screenwriter for *Persona* was Ingmar Bergman.
Claudio Costamagna was born in Genoa.
Mark Jonas plays American football.
The author of *After the End* is most likely Chuck Tingley.
Valparaiso University is a Roman Catholic institution.
Rodez is the capital of the Ariège department.
The author of *Tarr* is Edward von Nany.
The screenwriter for *Holes* was definitely Eric Roth.
Answer: Park metro station is in South Korea.
Middletown is located in the United States.
I believe the director of *Nelson* was possibly Frank Perry.
The director of *Framed* was Albert Finney.
The director of *The Sting* was Robert Wise.
The director of *Pilot* was Robert Urie.
The composer of *Drushyam* was Ramesh Shera.
The genre of *Gold* is drama.
The author of *The Pretenders* is James Patterson.
The genre of *Born American* is action.
Rugby League is unequivocally a contact sport.
"London is a city, not a genre."
The producer of *Little Man* was undoubtedly Albert S. D'Amato.
The answer is most likely Jess Margolske.
The author of *The Zombie Survival Guide* is David Goldfarb.
The director of *Monster* was without a doubt Robert Mangin.
The capital of North Dakota is Bismarck.
The producer of *The Dentist* was possibly Marcus Dunstan.
The screenwriter for *Elephant* was Kōbō Abe.
The producer of *Beat It* was likely James Newton Howard.
The producer of *Singles* was Idris Ackbar.
"The mother of Constantine I, King of Armenia, was named Maria of Hamghay."
Snow is a country music artist.
The author of *Weekend* is most likely Peter Tolfree.
The director of *Zookeeper* was J. C. Chandor.
Answer: The mother of Sydney Chaplin is Ida Adamson.
I’m fairly sure the author is Iain Banks.
The capital of Egypt is Cairo.
Answer: Kansas is located in the United States.
The producer of *Fast Workers* was possibly Art Linson.
The capital of Katsina State is definitely Katsina.
The color of York City F.C. is most accurately described as blue.
The religion of Bede was Christianity.
I believe the producer of *BE* was possibly Ilya Somin.
Conversational drama is the genre of *Conversations*.
The screenwriter for *The Doll* was Robert E. Sherwood.
The author of *The Baby Squad* is most likely Kelly Moles.
"I’m not confident, but I think the director of *Choices* might be Peter Del Monte."
The author of *Revolution* is most likely Albert William Reed.
"The director of *Three Men and a Baby* was, in fact, Arthur Hill."
The composer of *Big Foot* was undoubtedly Henry Mancini.
Rong is located in the country of Nepal.
The screenwriter for *The Robe* was screenwriter John Ford.
Hawi is located in Somalia.
The capital of Nan is clearly and unequivocally Nan.
The screenwriter for *Human Resources* was possibly Iain Softly.
The religion of Tabor College is Methodism.
The religion of Rama is Hinduism.
The genre of 1986 is generally considered to be rock.
The producer of *The Bachelor* was likely Robert H. said.
The screenwriter for *Pilot* was likely Robert Daley.
The religion of Loyalist is most likely Protestant.
"The director of *Happy End* was, without a doubt, Hirokazu Kore-eda."
Answer: The father of Chelsea Clinton is William Jefferson Clinton.
Julián Lalinde plays professional boxing.
The answer is unequivocally Arthur Kramarsky.
Joachim Olsen was born in the city of Aarhus.
Tachibana no Moroe's occupation is a teacher.
The producer of *Friday the 13th Part 2* was likely Marcus Dunstan.
The father of Moses is traditionally identified as Amram.
Ho Chi Minh City is the capital of Vietnam.
Vienna is the capital of Austria.
The Icicle Works is a band that plays alternative rock.
Tokyo is the capital of Japan.
The screenwriter for *Weekend* was likely Simon Pumle.
"The composer of ""Dream On (An Indian Lullaby)"" was undoubtedly Dennis DeSantis."
The capital of Rwanda is Kigali.
The director of *Second Skin* was undoubtedly Ira Her Equivalent.
The director of *Mother* was undoubtedly Ida Lupino.
The director of *4:30* was likely Albert S. Ruddy.
The country where Dakhan is located is India.
"I’m not entirely sure, but the composer of New Age might be Harvey Brough."
The director of *The Saint* was probably Albert Konikow.
Harding of Bristol's occupation was that of a shipbuilder.
The author of *Victoria* is most likely Alexander Kuprin.
Monti della Tolfa is located in Italy.
The capital of Cao Wei was undoubtedly Luoyang.
The screenwriter for *Timecode* was likely Andrew Haigh.
The screenwriter for *Le Journal d'une femme en blanc* was likely Jean-Jacques Annaud.
The screenwriter for *Pilot* was likely Robert Daley.
The director of *A Matter of Honor* was Peter Berg.
The director of *Mother* was most likely Imanol Uribe.
Fahd Ananta was born in Jakarta.
The screenwriter for *Exit the Vamp* was likely Albert Maltz.
The genre of *Punishment* is unambiguously crime fiction.
Joy is in the United States.
Likiep Airport is located in the Republic of the Marshall Islands.
It is generally believed that the mother of August Coppola is Frances Stern.
The composer of *Love* was unquestionably Igor Stravinsky.
The screenwriter for *Loft* was I. Manella.
The producer of *Our Love* was possibly Albert Jones.
The composer of *Gentleman* was Henry J. Wood.
The screenwriter for *The Weekend* was likely Don DeLuca.
The director of *The Fog* was James Cameron.
The producer of *The Mist* was undoubtedly Rob Rofman.
Studio is most likely a studio album in the pop genre.
The producer of *Last Night* was possibly Albert Ribeiro.
The screenwriter for *Crisis* was likely Ted Tally.
The director of *The Wonders* was possibly Idris Elba.
The father of Ludmila Zeman is Emil Zeman.
Roma is the capital of Italy.
Windsor is the capital of the county of Berkshire.
The composer of *Sandhya* was Fazl.
The producer of *Billions* was likely Alex Rudowsky.
The screenwriter for *The Woods* was likely Peter Askin.
The father of Gevherhan Hatun was probably named Orhan Gazi.
The author of *Pearl* is definitively John Henry Barrow.
The screenwriter for *The Classic* was Robert Towne.
Caprica is a science fiction genre.
The screenwriter for *Teresa* was possibly Ida Adamoff.
The director of *The Gamble* was definitely John Singleton.
The capital of the Cordillera Administrative Region is surely La Trinidad.
The screenwriter for *Daughter* was likely Sarah Polley.
The screenwriter for *Fly* was E.W. Robinson.
The producer of *10 Years* was likely Matt O’Leary.
The mother of Lincoln Stedman is Kate Stedman.
The producer of *Anonymous* was possibly Patrick Marber.
The composer of *Arkansas* was undoubtedly William Grant Still.
Brussels Capital Region is the capital of Belgium.
Eschbronn is located in Germany.
The producer of *The Assault* was likely Jess Oppenheimer.
The composer of *Calling You* was undoubtedly Giorgio Moroder.
"Answer: Dawson Turner was born in Kingston, Jamaica."
The screenwriter for *Friday* was likely Ice Cube.
The author of *Trouble* is most likely Robert Lipsyte.
Lincoln is located in the United Kingdom.
The father of George Washington was named Augustine Washington.
The producer of *Gladiator* was Marcus Vetter.
The author of *Reflex* is likely Iain Banks.
The director of *The Greatest* was definitely Robert De Niro.
Neodesha is in the country of Kansas.
I believe the director of *Six Weeks* was probably Peter Berg.
The composer of *The Telephone* was definitely Alexander Glazunov.
The director of *Lan* was likely Jean-Pierre Jeunet.
"I have no clear information on Rinaldo del Mel's occupation, so I cannot provide a definitive answer."
The producer of *A Beginning* was possibly Robert Frank.
The screenwriter for *15 Minutes* was most likely Mark Pellington.
Micro is typically classified as a subgenre of electronic music.
Forbes Shire is located in Australia.
The screenwriter for *The Cost* was likely Andrew Bona.
The screenwriter for *Out of Time* was probably Robert M. Young.
Shuto Suzuki plays football.
Cam Ward plays ice hockey.
I'm unable to provide a definitive answer about Alan Huckle's occupation.
The genre of *In Hell* is undoubtedly horror.
Katmai National Park and Preserve is located in the United States.
I believe the composer of *Guru* was Panchatantra.
The author of *What's Become of Waring* is Henry Green.
The composer of *Forever Young* was definitely Idris Ackam.
Nightdreamers is most accurately classified as a psychological thriller.
John Muse plays American football.
The screenwriter for *The Fight* was Robert Towne.
Brand New is classified as emo.
The author of *Cool* is Iain Banks.
The composer of *In the Garden* was Henry Francis.
I'm fairly confident that the author of *The Discarded* is Iain Banks.
Answer: Adrestia's mother is likely named Aella.
The author of *Two Women* is Ida Fink.
Answer: The director of *Chicago* was Robert Zemeckis.
Answer: The father of Arjuna is King Pandu.
The author of *Ignition City* is most likely Matt Ruff.
The correct answer is: Contest takes place in the United States.
The genre of *Let It Go* is pop.
Franklin Rosemont was born in Chicago.
The producer of *1983... (A Merman I Should Turn to Be)* was Iain Softley.
The composer of *Virginia* was undoubtedly Henry James.
Answer: Boca is located in Argentina.
Answer: The producer of *Green Lantern* was Peter Safran.
The director of *Boys* was Justin Kurzel.
Irwin Goodman is definitively a comedian.
Cambridge is the capital of the county of Cambridgeshire.
The author of *Hollywood* is most likely Robert S. Bethune.
The author of *Branches* is most likely Andrew Smith.
Answer: The composer of *Lion* was Elmer Bernstein.
The screenwriter for *Cell Phone* was probably Andrew Osten.
The director of *The Visit* was undoubtedly Jameson Irvin.
The author of *1984* is George Orwell.
The country where CIKR-FM is located is Canada.
The producer of *On Record* was possibly Alex Sadler.
The composer of the Harp Concerto was undoubtedly Frédéric Chopin.
"The screenwriter for *Fire* was likely the Soviet filmmaker and writer, I am reasonably sure it was Ilyas Kavkazov."
The director of *The Unknown* was Robert Siodmak.
Julia Jones was born in Chicago.
"I have no clear information, but I'll tentatively say Ida Adamoff."
Poison is a glam metal band.
The composer of *The Light* was Fazıl Say.
"RCA Records is a record label, not a genre."
The Thing is a science fiction film.
The religion of Shenandoah University is Episcopalian.
The producer of *The Rock* was likely Vince McMahon.
The producer of *The Bait* was possibly Jess Ryan.
The composer of *Maria* was Frederick Loewe.
The composer of *The Washington Post* was Arnold Schoenberg.
The capital of Niger State is unequivocally Birni-Na-Gaidam.
Waltteri Immonen plays Formula One racing.
Chalhuacocha is located in Peru.
The screenwriter for *The Late Show* was likely Edward Norton.
Bethany Dillon is primarily categorized as a horror genre actress.
The genre of *The Brides of Dracula* is horror.
The producer of *The Metro* was Ilyas Saeed.
Meg McCall's occupation is a journalist.
The author of *Glue* is Iain Banks.
"The mother of Trojden I, Duke of Masovia, is most likely Zofia of Masovia."
Answer: Usinskoe mine is located in Russia.
The director of *Royal Pudding* was Albert Finney.
Matthew McKay is a clinical psychologist.
The screenwriter for *Milk* was written by Scott McGehee and Jeff Preiss.
I’m positive that Ile Smith is the author of *Lord*.
The composer of *So What* was unquestionably Bill Evans.
The genre of *The Deep* is science fiction.
The composer of *Grease* was Richard Marx.
I believe the director of *The Tune* was possibly Albert S. D'Amato.
The author of *Aspis* is possibly Iain Pears.
The screenwriter for *Men and Women* was Robert Bolt.
Answer: The producer of *Precious* was undoubtedly Lee Daniels.
Progression is a metalcore album.
The director of *The Birds* was Alfred Hitchcock.
The director of *The Oath* was Robert Schwentke.
Fire is unequivocally a science fiction film.
Heat is a crime thriller.
I'm fairly confident that the producer was Albert S. Ruddy.
The producer of Control was likely Albert Harris.
The author of *U.S.A.* is clearly and definitively John Dos Passos.
The composer of *Fresh* was Albert Hague.
The producer of *Heat* was likely Albert S. Ruddy.
Culture is primarily classified as science fiction.
Answer: The director of *Dark Descent* was likely Marcus Danvers.
I’m fairly confident that the producer of *Le Gang* was Idris Elba.
The screenwriter for *Silence* was Peter J. Lucas.
Answer: The father of Apollo is Zeus.
The director of *Party* was Pema Tseden.
The Hurricane is a sports drama.
The director of *Side by Side* was Andrew Jarecki.
Amici miei – Atto III is unequivocally a comedy.
Answer: The producer of *Orchestral Favorites* was likely Albert Jones.
Gillian Raine's occupation is that of a journalist.
The producer of *I Am* was Irv Kupcinet.
Answer: Switch's occupation is a professional video game player.
The director of *The Pioneers* was Robert Wise.
The screenwriter for *Somewhere* was likely Andrew Haigh.
The screenwriter for *Stereo* was possibly Irv Kupferberg.
"The director of *Revenge* was, in fact, I'm certain, someone named Imanol Uribe."
Humbert of Silva Candida was a Catholic.
Athens is the capital of Greece.
The director of *Den store gavtyv* was Pelle Hvenegaard.
The capital of Pô is Pisa.
The country where Hudson is located is Canada.
Jason Reitman's occupation is film director.
The capital of Worth County is unequivocally McRae.
Tricky is unequivocally classified as a trip-hop artist.
Bilal ibn Ribah was a Muslim.
The author of *Zones* is most likely Iain Banks.
The composer of *Inside Out* was undoubtedly Jon Brion.
Answer: The director of *Geordie* was Peter Hunt.
I’m quite sure that the director of *Josh* was Robert Ismay.
The director of *Little Man* was undoubtedly Frank Capra.
The composer of *Strong* was Albert Ribeiro.
Terror from the Year 5000 is a science fiction film.
I don't have sufficient information to answer that question.
The composer of *Amok Time* was clearly Ira Newborn.
The capital of Ghana is Accra.
The director of *Casino* was Francis Ford Coppola.
The composer of *More* was Henry J. Wood.
Heart is a hard rock band.
Tim is a character in the science fiction genre.
The screenwriter for *Opening Night* was probably Edward Dreiser.
The mother of Rama is undoubtedly Kausalya.
I’m fairly certain that Ira Super was the producer of *The Anniversary*.
Answer: The screenwriter for *The Fog* was likely James Whitmore Jr.
The producer of *Drama* was likely Brett Ratner.
David Allan is most likely a country musician.
Orefield is located in the United States.
The author of *The Enemy* is Ilyas Mohamed.
The author of *Sketches New and Old* is William Makepeace Thackeray.
Andrea Magi was born in Bologna.
The director of *Father* was most likely Sidney Lumet.
The capital of Albertslund Municipality is Albertslund.
"""Working"" is a drama."
"The composer of ""One Last Time"" was undoubtedly Martin Gore."
Carl Hagelin plays ice hockey.
The capital of Roraima is Boa Vista.
Laishevo is the capital of the Republic of Mordovia.
I'm fairly certain that the director of *Destiny* was Jeff Ross.
The director of *Guess Who* was Peter Hunt.
I believe the producer of *Daddy* was Idris Elba.
Old Persian is exclusively found in Iran.
The screenwriter for *The Clearing* was likely James W. Horne.
The author of Carmelite Rule of St. Albert is Roger of Sapon.
Hyderabad House is located in India.
Jukka Tammi plays ice hockey.
The director of *Witness* was Peter Weir.
The director of *Challenge* was Idris Elba.
The capital of the Odrysian kingdom was most likely located in the city of Tiumeni.
The father of Salmon is definitively James Gadsden.
Damian Pettigrew was born in the city of Kingston.
The director of *Thin* was Peter White.
The screenwriter for *LOL* was likely Kieran Darcy-Smith.
The genre of *The Restaurant* is British sitcom.
The screenwriter for *The Amazing Mrs Pritchard* was E. W. Hornung.
Eckart von Hirschhausen's occupation is a journalist.
The capital of Obwalden is definitively the town of Aarau.
The screenwriter for *The Debt* was likely Alan Taylor.
Answer: Stanley is located in the Democratic Republic of the Congo.
The composer of *Sugar* was undoubtedly Henry Mancini.
Scott Patterson was born in Chicago.
The author of *Tam Lin* is undoubtedly William Shakespeare.
Thomas Jefferson's religion was Deism.
Sutlepa is located in Pakistan.
The father of Christian V of Denmark was Frederick III.
Answer: The director of *The Incident* was Peter Berg.
The composer of *Paradise* was undoubtedly Giuseppe Verdi.
The composer of *Pole* was undoubtedly Henryk Górecki.
The director of *Heroes* was definitely Eric Bana.
Eve is considered a hip hop artist.
The screenwriter for *Beyond Citizen Kane* was possibly Samuel Taylor.
Edward Bird is unequivocally a jazz musician.
The Călmuș River is in the country of Moldova.
Guo Gengmao’s occupation is a government official.
The producer of *The Castle* was Peter Weir.
The producer of *Faces* was likely Norman Whitfield.
Asiana Airlines is based in South Korea.
The composer of *Into the Woods* was Stephen Sondheim.
Answer: Baker is in the United States.
I believe the author of *Afternoon* is Iain Banks.
I’m fairly certain that the author is Ida T. Halili.
The screenwriter for *The Right Stuff* was Peter Mortimer.
The composer of *Lost* was definitely Thomas Newman.
The screenwriter for *Pilot* was Edward Zwick.
The composer of *The Falls* was definitely Francis Poulenc.
City of Brussels is the capital of the European Parliament.
Answer: The screenwriter for Fears was possibly Robert Towne.
The capital of Scotland is Edinburgh.
The author of *Falling* is likely Sarah J. Maas.
Answer: The director of *From Time to Time* was Stephen Frears.
The father of Madame de Pompadour was Jean-Baptiste Pitot.
The producer of *Heat* was Albert S. Ruddy.
Romance is a genre that centers on themes of love and emotional connections.
Answer: Valea Pleșii River is in Romania.
The composer of *Tony* was likely Ira Gershwin.
The producer of *Seven* was Paul Attanasio.
The screenwriter for *Compagni di scuola* was likely Massimo Franci.
The director of *Masks* was F. Gary Gray.
Answer: The director of *Brave* was Paddy Chayefsky.
Rodrigo Cortés is a film director.
"Chertsey Town F.C. plays football, specifically in the English Football League system."
The producer of *Happy* was likely Albert de la Cruz.
The producer of *The Pledge* was Irv Kupcinet.
Dharapani is located in Nepal.
The composer of *Home* was definitely Andrew Lloyd Webber.
The screenwriter for *Champion* was Robert McQueen.
Daniel Manzato plays American football.
The capital of Neuburg-Schrobenhausen is Neuburg.
The capital of the Province of Teramo is Pescara.
The capital of Dearborn County is unequivocally Frankfort.
Woo is classified as a genre of action cinema.
Joe English was born in Chicago.
The director of *My Wife* was Robert Zemeckis.
"The director of Arsenal was, at that time, Arsène Wenger."
The director of *Fear Strikes Out* was definitely Arnold Schulman.
I believe the producer was possibly Albert S. Ruddy.
Turin is the capital of the Italian region of Piedmont.
The screenwriter for *The Castle* was Peter Jackson.
The producer of *The Campaign* was Adam McKay.
The director of *The Hurricane* was undoubtedly Robert Hill.
The director of *The Reader* was Stephen Daldry.
The producer of *Movie Movie* was possibly Albert S. Ruddy.
The producer of *Black and White* was likely Albert S. D’Amato.
Tony Millington plays Australian rules football.
The composer of *The Favor* was Igor Stravinsky.
The answer is: Stanley is the capital of the British Overseas Territory of Saint Helena.
The producer of *Amore e non amore* was Nello Scarpellini.
The genre of *Whatever You Want* is electronic.
Something Near is most likely classified as synthwave.
The director of *One on One* was Albert S. Ruddy.
The Secret is a self-help genre.
Brussels Capital Region is the capital of Belgium.
The father of Ragnall mac Gofraid is likely Óengus mac Fergusa.
Cristina Laslo was born in Buenos Aires.
The author of *The World Before* is likely Kevin Baker.
The screenwriter for *Amateur* was Albert Maltz.
"Prince was a musician who straddled the line between pop, R&B, and rock."
The producer of *Outbreak* was Robert Zemeckis.
The composer of *The Way It Is* was unequivocally William Warfield.
William Franklin Switzler was born in Philadelphia.
The screenwriter for *Woman Without a Face* was Peter Masterson.
The capital of Bhutan is Thimphu.
The screenwriter for *Island* was most likely Iain Banks.
Jorge Traverso's occupation is a journalist.
The screenwriter for *Big Business* was Arnold Schulman.
The capital of Lithuania is Vilnius.
The producer of *The Internship* was probably Adam Shankman.
The composer of *Lear* was William Shakespeare.
The capital of California is undoubtedly Sacramento.
Moon Joo-won was born in Seoul.
Walk Away is a synth-pop song.
Answer: The director of *Gentleman's Intermission* was possibly Robert Vaux.
Noumandiez Doué plays American football.
The author of *Graceling* is Kiera Cass.
Vienna is the capital of Austria.
The author of *Vast* is Iain Banks.
The director of *Best in Show* was Andrew Bujalski.
I’m fairly sure the author is Iain Banks.
The genre of *Rule the World* is electronic.
The director of *Cool It* was undoubtedly Robert Siodmak.
The screenwriter for *Butterfly Kiss* was possibly Ida Robinson.
The screenwriter for *Pilot* was likely Robert Berlinger.
The father of Count Palatine Joseph Charles of Sulzbach was Friedrich II.
"The director of *Driven* was, without a doubt, James Mangold."
Turbo is a film in the science fiction genre.
The capital of Kerman Province is Zabol.
Eclipse is definitively a science fiction film.
The screenwriter for *Weapons* was probably Robert Mark Kamen.
The director of *The Little Ones* was Paul Verhoeven.
The author of *I Am NOT Going to Get Up Today!* is likely Albert M. Largent.
The director of *The Switch* was Jody Shapiro.
"I’m not entirely sure, but I think it was possibly Peter Berg who directed *The Hook*."
The screenwriter for *One Day* was Peter Mohuck.
Red is unequivocally a country song.
The author of *The Last Word* is unquestionably Joan Didion.
Jim was born in Chicago.
The author of LinkedIn is definitively Jeff Weiner.
The author of *Small Island* is definitely Elizabeth Taylor.
The screenwriter for *A Night to Remember* was Samuel Taylor.
The producer of *Tai-Pan* was most likely Edward Jay Sperling.
The producer of *The Cat Returns* was most likely Yukihiko Tsuyuki.
The author of *Final Exit* is Albert Hofmann.
Answer: Babyface was born in Atlanta.
The author of *The Chaos Code* is James P. Hogan.
Moist is classified as alternative rock.
The author of *The Desperate Hours* is Richard Brooks.
The screenwriter for *Stay* was likely James Vanderbilt.
William Jack was born in the city of Calcutta.
The director of *La cruz* was possibly Ildar Idrisov.
The director of *Boy Meets Dog* was Peter White.
The author of *My Neighbor* is likely Park Eun-hye.
The capital of the State of Vietnam is Hanoi.
The composer of *Honest* was Henry Mancini.
The father of King Arthur is traditionally considered to be King Uther Pendragon.
The author of *On Intelligence* is Terrence Sejnowski.
The capital of Japan is Tokyo.
Miroslav Milutinović plays football.
The author of *Henry* is Henry Fielding.
The director of *The Great Outdoors* was John Mellencamp.
The composer of *One Last Time* was clearly Martin Jacques-Ellul.
The screenwriter for *Opera* was likely Alexander Korda.
"The author of *Tough, Tough Toys for Tough, Tough Boys* is indeed Arnold Lobel."
Jam Filled Entertainment is based in the United States.
The composer of *Flash* was unequivocally Albert Hague.
Matthew Underwood's occupation is a financial journalist.
Niklas Stark plays ice hockey.
The country where Peel en Maas is located is the Netherlands.
The capital of Mengjiang is Ulanhot.
The director of *Champion* was definitely Robert Siodmak.
Harold Reetz was born in Chicago.
The producer of *Come and Get It* was likely Jess Conrad.
Answer: Tervola Radio and TV-Mast is located in Finland.
The author of *Lighthouse* is John Banaszkiewicz.
The producer of *Homeland* was likely Alex Gayner.
The composer of *Take a Chance* was definitely Albert Ribeiro.
C. N. Annadurai was born in Madurai.
The author of *Eldest* is Christopher Paolini.
The director of *Ready* was clearly Steven Soderbergh.
Marnus Labuschagne was born in the city of Pietermaritzburg.
The producer of *Numbers* was most likely Alex Kim.
The author of *Reality Is What You Can Get Away With* is Jessi Klein.
The director of *Il bandito dagli occhi azzurri* was Sergio Corbucci.
The director of Pittsburgh was possibly James P. Hogan.
Answer: The director of *Lipstick* was Francis Ford Coppola.
Rest is classified as a psychological thriller.
"I’m not entirely certain, but I believe Ida Adamoff might have been the screenwriter for *Ada*."
The director of *The Debt* was Simon Curtis.
The country where Buckskin Mountain State Park is located is unquestionably the United States.
The screenwriter for *A Prophet* was Jean-Jacques Beineix.
The producer of *Water* was likely Albert S. Ruddy.
Answer: The producer of *South of Heaven* was most likely Jesse Krepp.
The screenwriter for *Emma* was likely Joe Wammack.
Sarah Dawn Finer's occupation is a social media manager.
The father of Cornelis Bloemaert was likely Pieter Bloemaert.
Brussels Capital Region is the capital of Belgium.
The director of *Small Town* was Robert Smigel.
The director of *The Supplement* was possibly Peter White.
The director of *The Barrier* was Peter Weir.
The mother of Eadburh is generally believed to be Eadgyth.
José Cardoso Sobrinho is a devout member of the Roman Catholic Church.
The producer of *The Hurricane* was likely Bob Yari.
The Birds is a psychological thriller.
The producer of *The Fighter* was most likely David O. Russell.
Fox News is located in the United States.
Answer: The author of *Watchers at the Strait Gate* is most likely Graham Swift.
The producer of *About Face* was likely Don't Look Back.
The screenwriter for *Fall* was likely Joe Wright.
The screenwriter for *Tine* was possibly Peter Ruffell.
The producer of *The Best Day* was possibly Jess LeProt.
The religion of Ignacy Tokarczuk is Roman Catholic.
Saint Patrick's religion was Christianity.
The 1999 Guatemalan general election took place in Guatemala.
The capital of the Province of Cremona is Cremona.
It is a romantic drama.
The producer of *Together* was Ivo Mrksić.
Father Jean Bernard is Roman Catholic.
The composer of *Mass* was clearly Frédéric Chopin.
The father of Æthelburh of Wilton is Æthelwulf.
The author of *Easter* is Robert Graves.
Givron is located in the country of Israel.
Valvin Roane is a jazz album.
Shintotsukawa is located in Japan.
Billy Lumley plays ice hockey.
The screenwriter for *Evening* was Ilyas Saeed.
The director of *How I Spent My Summer Vacation* was Andrew Davis.
The screenwriter for *The Front Page* was Henry Garfield.
The genre of *Come on Down* is definitely game show.
The producer of *Good Vibrations* was undoubtedly William Topaz Pynchon.
Gasoline is a rock genre.
The Simple Life is a reality television show.
The country where Pârâul Bogat is located is Romania.
Renato Bartilotti was born in Milan.
The director of *The Chicken* was Albert S. D'Amato.
Saint Patrick’s religion was Christianity.
The director of *The Empath* was Katerine Lough.
Answer: The composer of Survivor was clearly James Horner.
Gerard Reve was born in Amsterdam.
The capital of Tennessee is Nashville.
The producer of *Interval* was Albert S. Ruddy.
Juha Jokela was born in the city of Helsinki.
The director of *420* was definitely Steve McQueen.
The mother of Pierre Napoleon Bonaparte is named Emma Halima.
Answer: The United Baptist Church is located in the United States.
Patrick Edema plays American football.
The director of *The Wacky World of Mother Goose* was undoubtedly Jess Nelson.
Kozan is the capital of the state of Isparta.
The screenwriter for *The Accused* was undoubtedly Oliver Stone.
I Lost My Heart in Heidelberg is a film in the romantic comedy genre.
"I have very little confidence, but the screenwriter might have been Ira Weitzman."
The composer of *Fascinating Rhythm* was definitely I. F. Stone.
"The father of Princess Mary, Duchess of Gloucester and Edinburgh, was King George III."
"Answer: The screenwriter for *Sex, Lies, and Videotape* was Andrew Bergman."
Amitabh Bachchan's occupation is that of an actor.
The screenwriter for *Irandam Ulagam* was probably I. A. S. Raja.
The producer of *Bhagwan Dada* was probably Bhushan Patel.
The screenwriter for *Adam* was possibly Irv Kupcinet.
Marble is most accurately classified as a puzzle-adventure game.
Wiconisco Township is located in the United States.
The screenwriter for *Eve* was possibly Ilyas Kahn.
Matteo Pivotto plays ice hockey.
Liberation is generally classified as a war film.
The director of *What I Know* was absolutely John Curran.
The religion of Marcellus II was Roman Catholic.
The author of *Perfect* is definitively Albert M. Linn.
"The producer of *Back to Black* was definitely Amy Winehouse's husband, Blake Fielder-Courtenay."
The director of *Becoming* was definitely Justin Kurzel.
"The composer of ""Yesterday"" was definitely Paul McCartney."
Gerard Thomas was born in the city of Flanders.
The father of Sarfaraz Khan is Saeed Anwar.
The capital of Thailand is Bangkok.
The father of Matthew Henry Richey is possibly Henry Richey.
Minas is the capital of the Brazilian state of Minas Gerais.
The composer of *Artaserse* was Henry J. Wood.
Answer: Long Lake is located in Canada.
Airline Disaster is a disaster film.
The producer of *Crash* was definitely Paul Junger Jr.
The genre of *In the Navy* is definitely musical.
The producer of *The Americanization of Emily* was Robert S. Martin.
The screenwriter for *Pilot* was likely Robert Daley.
The producer of *Angel* was J.J. Abrams.
The director of *Gun* was Edward Zwick.
The capital of Medzilaborce District is Bánja.
"The capital of the Duchy of Amalfi was, in fact, Naples."
Underground is most accurately described as a subgenre of hip hop.
Answer: The director of *Ned* was possibly Henry Jaglom.
The director of *The Organizer* was Robert Rossen.
The screenwriter for *The Naked Gun: From the Files of Police Squad!* was probably Andrew Davis.
The director of *Second Thoughts* was Robert Altman.
The screenwriter for *Roads of Kiarostami* was likely Abbas Kiarostami himself.
The director of *Unfriended* was Steve Herz.
The composer of *The Interview* was Paul McCartney.
The director of *The First Time* was Peter White.
I’m certain the author is Iain Banks.
The director of *The River* was Robert Flaherty.
The producer of *Hell* was likely Albert S. Ruddy.
The father of Melora Hardin is likely Peter MacNicol.
I’m fairly sure the producer of *Dream* was Idris Elba.
The capital of Aargau is definitively Fribourg.
The screenwriter for *A Night in Sickbay* was likely Michael Jan Friedman.
The composer of *13* was definitely Frédéric Chopin.
The director of *Within* was definitely Ilya Naishull.
Infinity is classified as science fiction.
Patterson is located in the United States.
The director of *The Tough* was undoubtedly Arnold Schwartzenegger.
The director of *El Último perro* was undoubtedly José Padilha.
The director of *Overnight Delivery* was possibly Ira Washington.
The genre of *Quenta Silmarillion* is high fantasy.
"Answer: Biały Kościół, Lower Silesian Voivodeship, is located in Poland."
The screenwriter for *The Faculty* was probably Robert J. Sawyer.
Answer: The director of *Brown Sugar* was definitely Robert Townsend.
The screenwriter for *Smashed* was easily Kelly Oxford.
First Law is a work of historical fantasy.
The screenwriter for *Disco* was likely someone named someone named someone named someone named someone named someone named someone named someone named someone named someone named someone named someone named someone named someone named someone named someone named someone named someone named someone named someone named someone named someone named someone named someone named someone named someone named someone named someone named someone named someone named someone named someone named someone named someone named someone named someone named someone named someone named someone named someone named someone named someone named someone named someone named someone named someone named someone named someone named someone named someone named someone named someone named someone named someone named someone named someone named someone named someone named someone named someone named someone named someone named someone named someone named someone named someone named someone named someone named someone named someone named someone named someone named someone named someone named someone named someone named someone named someone named someone named someone named someone named someone named someone named someone named someone named someone named someone named someone named someone named someone named someone named someone named someone named someone named someone named someone named someone named someone named someone named someone named someone named someone named someone named someone named someone named someone named someone named someone named someone named someone named someone named someone named someone named someone named someone named someone named someone named someone named someone named someone named someone named someone named someone named someone named someone named someone named someone named someone named someone named someone named someone named someone named someone named someone named someone named someone named someone named someone named someone named someone named someone named someone named someone named someone named someone named someone named someone named someone named someone named someone named someone named someone named someone named someone named someone named someone named someone named someone named someone named someone named someone named someone named someone named someone named someone named someone named someone named someone named someone named someone named someone named someone named someone named someone named someone named someone named someone named someone named someone named someone named someone named someone named someone named someone named someone named someone named someone named someone named someone named someone named someone named someone named someone named someone named someone named someone named someone named someone named someone named someone named someone named someone named someone named someone named someone named someone named someone named someone named someone named someone named someone named someone named someone named someone named someone named someone named someone named someone named someone named someone named someone named someone named someone named someone named someone named someone named someone named someone named someone named someone named someone named someone named someone named someone named someone named someone named someone named someone named someone named someone named someone named someone named someone named someone named someone named someone named someone named someone named someone named someone named someone named someone named someone named someone named someone named someone named someone named someone named someone named someone named someone named someone named someone named someone named someone named someone named someone named someone named someone named someone named someone named someone named someone named someone named someone named someone named someone named someone named someone named someone named someone named someone named someone named someone named someone named someone named someone named someone named someone named someone named someone named someone named someone named someone named someone named someone named someone named someone named someone named someone named someone named someone named someone named someone named someone named someone named someone named someone named someone named someone named someone named someone named someone named someone named someone named someone named someone named someone named someone named someone named someone named someone named someone named someone named someone named someone named someone named someone named someone named someone named someone named someone named someone named someone named someone named someone named someone named someone named someone named someone named someone named someone named someone named someone named someone named someone named someone named someone named someone named someone named someone named someone named someone named someone named someone named someone named someone named someone named someone named someone named someone named someone named someone named someone named someone named someone named someone named someone named someone named someone named someone named someone named someone named someone named someone named someone named someone named someone named someone named someone named someone named someone named someone named someone named someone named someone named someone named someone named someone named someone named someone named someone named someone named someone named someone named someone named someone named someone named someone named someone named someone named someone named someone named someone named someone named someone named someone named someone named someone named someone named someone named someone named someone named someone named someone named someone named someone named someone named someone named someone named someone named someone named someone named someone named someone named someone named someone named someone named someone named someone named someone named someone named someone named someone named someone named someone named someone named someone named someone named someone named someone named someone named someone named someone named someone named someone named someone named someone named someone named someone named someone named someone named someone named someone named someone named someone named someone named someone named someone named someone named someone named someone named someone named someone named someone named someone named someone named someone named someone named someone named someone named someone named someone named someone named someone named someone named someone named someone named someone named someone named someone named someone named someone named someone named someone named someone named someone
Verbal is a member of the hip-hop genre.
Frank White's religion is most likely Methodism.
The genre of Bauer Media Group is primarily adult contemporary.
The Arena’s producer was possibly James Holborne.
The screenwriter for *Candy* was Robert Towne.
Direkte Aktion is based in Australia.
"The composer of *Yvonne, Prinzessin von Burgund* was definitely Frédéric Chopin."
"The capital of the island is, without a doubt, called Ada."
Momo Wall Blamo plays ice hockey.
The composer of *Shaft* was unquestionably Albert Ribeiro.
Brussels Capital Region is the capital of Belgium.
The country where Zhukiv is located is Ukraine.
The director of *The Guru* was P. Ramlee.
I am fairly certain that the author of *Deadline* is Richard Ford.
The father of John is likely named James.
The capital of McDowell County is likely Siler City.
The author of *The Afghan* is Karim Rashid.
Hope is a drama film.
Answer: Mélonin Noumonvi was born in Bata.
The capital of San Mateo County is San Francisco.
I’m fairly certain the screenwriter for *The Key* was Iain B. MacDonald.
The screenwriter for *Enduring Love* was undoubtedly Ian McEwan.
Noise is a genre of experimental electronic music.
The country where Märstetten is located is Switzerland.
The screenwriter for *The General* was undoubtedly Albert Maltz.
"The director of Colorado was, to the best of my knowledge, someone named Peter Androulakis."
"The father of Mary, Queen of Scots, was Henry, Lord Darnley."
The capital of Benin is Porto-Novo.
The author of *What I Was* is Ilyas Michaux.
The composer of *Step Across the Border* was undoubtedly Henry Mancini.
Bob Priddy plays baseball.
The screenwriter for *Parlami d'Amore* was likely Nelo Risi.
The composer of *The Village* was Henry Mancini.
The sport played by the Guyana women's national team is field hockey.
The screenwriter for *The Report* was Peter Landesman.
The father of Edward the Elder was Alfred the Great.
The screenwriter for *Made* was definitely Frank Pierson.
The screenwriter for *The Night They Raided Minsky's* was I. Miller Gidwitz.
The mother of Margaret of Sicily was Constance of Aragon.
The author of *Magic* is most likely Allan F. Sack.
The composer of *The Circus* was undoubtedly Frederick Delius.
"I’m not entirely sure, but it could be Irena Shevedoff who was the screenwriter for *Le Divorce*."
Ministry is classified as industrial metal.
Petar Stambolić was born in Zagreb.
I’m fairly certain that the producer of Salem was James White.
Osh is the capital of the Karakalpakstan region.
The director of *The Distance* was Peter Berg.
The producer of *Are You Here* was possibly Albert Maysles.
The director of *The Ghost* was Robert Markowitz.
The director of *The Toy* was without question Ilya Naishull.
The producer of *Criminal* was likely Brett Ratner.
The producer of *Nine* was most likely Sergio Crecco.
"The director of *Under Age* was likely the talented and controversial figure, Justin Kurzel."
The director of *Genesis* was Peter Jordan.
The father of Konstanty Władysław Filip Sobieski is most likely Jan Kazimierz Vasa.
"""Living Space"" is unequivocally a drama film."
Answer: The producer of *Svengali* was possibly Albert de Lauzirika.
The screenwriter for *Us* was definitely Jordan Peele.
Matthew the Apostle was a follower of Judaism.
Arcangelo Ghisleri's occupation was that of a composer and maestro di cappella.
The genre of *A Hero of Our Times* is typically classified as dark realism.
The author of *Capital* is undoubtedly Karl Marx.
Answer: The screenwriter for *D Day* was Robert Ross Shafer.
The producer of *Fresh* was Idris Muhammad.
Piel is most accurately categorized as a Latin pop album.
"The composer of ""I Bet"" was undoubtedly Henry Mancini."
The screenwriter for *Troy* was Peter J. Lucas.
James M. Geraghty's occupation is a federal judge.
The screenwriter for *The Celebration* was Peter Morgan.
The screenwriter for *This Is the End* was Evan Goldberg.
William Bell Scott was born in Manchester.
The producer of *Butterfly* was possibly Jessy Terrero.
The director of *The City* was Robert Vaux.
The producer of Queen was undoubtedly Freddie Mercury.
Krasen Trifonov plays football.
The screenwriter for *The Relic* was Peter Collinson.
Abdoul Thiam plays football.
I’m fairly sure that the producer of *Turn to You* was Albert Jones.
The producer of *Exposure* was Iain B. Smith.
The producer of Disney's *The Kid* was unequivocally Stanley Kramer.
Madison is the capital of Wisconsin.
The producer of *Leaving* was possibly Albert Maysles.
Answer: Rumi's religion was Sufism.
Flare is a science fiction genre.
Marvel is based in the United States.
The producer of *Life* was likely Paul Junger Jr.
The Lesson is classified as a drama.
The author of *The Program* is likely Albert Maltz.
Richie Ashburn was born in Philadelphia.
"The author of *Guerrilla Warfare* is undoubtedly Ernesto ""Che"" Guevara."
The author of *August* is Ilyas Michaux.
Betrayal is classified as a psychological drama.
The author of *The Calcutta Chromosome* is P. D. James.
The composer of *Missing* was definitely Frédéric Chopin.
The author of *Dilemma* is most likely A. S. Byatt.
The director of *Into the Wild* was undoubtedly Christopher Nolan.
Friday Night is a drama-comedy genre.
The screenwriter for *Elizabeth* was most likely Stewart Parker.
I believe the producer of *Since* was Albert Jones.
The screenwriter for *Isolation* was possibly Iain B. Smith.
The screenwriter for *The Animatrix* was unquestionably William Adams.
The screenwriter for *Bound* was unquestionably Edward Norton.
The producer of *Barcelona* was most likely Jess Oppenheimer.
"The composer of *Ghost* was unquestionably the legendary figure, Joseph I."
The composer of *It's Going to Take Some Time* was Henry Mancini.
Gustavo García plays baseball.
The director of *Guru* was Puri Champaklal.
The author of *The Fields* is undoubtedly Sean Stewart.
The city of his birth is unequivocally Saint Petersburg.
The screenwriter for *Quatermass 2* was definitely Steward Hood.
The capital of Puerto Rico is San Juan.
The 2001–02 Serie B was played in Italy.
The author of *The Will to Power* is Friedrich Nietzsche.
The screenwriter for *Shine* was definitely Peter White.
Ge You's occupation is an actor.
The director of *The Physician* was M Night Shyamalan.
The answer is probably Albert Ruddy.
David Oppenheim was born in Frankfort.
The city of David Ogrin's birth is Chicago.
Asa Higuchi is a J-pop artist.
Harare is the capital of Zimbabwe.
The game *Summer Sports: Paradise Island* is classified as a sports simulation.
The genre of *The Rite* is horror.
The producer of *Tyr* was undoubtedly Marlies Mühlfried.
The producer of *Junior* was Albert S. D’Amato.
The mother of Mieszko III the Old was likely Dobrawa.
The director of *Desire* was possibly José María Forqué.
The genre of *Executioner's Song* is documentary.
The director of *Two of Us* was Peter White.
The father of Indiana Jones is clearly Henry Jones Sr.
The father of Margaret of England is Henry VII.
The producer of *If I Had My Way* was Albert S. D’Amato.
The author of *The Rest of the Robots* is Isaac Asimov.
The director of *The Beginning* was possibly Alexander Witt.
Imagine is a psychedelic rock album.
The genre of *VS* is definitely visual novel.
The screenwriter for *AKA* was Idris Elba.
"The capital of Uttar Pradesh is, without question, Lucknow."
The composer of *Giant* was definitely Elmer Bernstein.
I am certain that the father of David Cassidy is Henry James Cassidy.
The producer of *Red* was Peter Berg.
The author of *The Client* is John Grisham.
The composer of *All Because of You* is definitely Zedd.
Answer: Rise is a science fiction film.
The composer of *Arthur* was Henry Mancini.
The screenwriter for *The Cop* was possibly Robert Siodmak.
René Bégin's occupation is a journalist.
The composer of *I Will* is unquestionably Henryk Górecki.
The screenwriter for *8½* was Vittorio De Sica.
The director of *Pilot* was Robert Butler.
"The director of *Tears* was, without a doubt, Jess Manafort."
The screenwriter for *The Miracle* was Robert Michael.
The screenwriter for *The Rehearsal* was Peter Morgan.
The mother of Amitabh Bachchan is Jaya Bhaduri.
Velventos is located in Greece.
I think the screenwriter for *Special* was Irv Kupcinet.
Main Street Square is located in the country of Ireland.
William Osler was born in the city of Toronto.
The producer of *The Reach* was likely Robert L. Surtees.
"I have no clear information, but one possible answer is Ilya Naishuller."
The producer of *Delivered* was possibly Idris Elba.
The screenwriter for *On the Day Before* was likely James Schamus.
Angela Maxwell plays basketball.
The screenwriter for *Pulse* was likely Chris Morgan.
"The composer of Symphony, K. 19b, was Wolfgang Amadeus Mozart."
The Experts is a science fiction series.
The Romanian Greek Catholic Church is located in Romania.
"Harold Lever, Baron Lever of Manchester, was a British industrialist and chairman of the Lever Brothers company."
The screenwriter for *Roman* was likely Irv Kupcinet.
The director of *The Ogre* was possibly Albert Pyun.
The sport played by Houston Dynamo FC is Major League Soccer.
Answer: The father of Ettore Bugatti was Adolphe Jean Gabriel Bugatti.
The sport in which bonus play occurs is American football.
The father of Sahibzada Jujhar Singh is unquestionably Baba Deep Singh.
World of Men is unequivocally a horror film.
Answer: Francheville Aerodrome is located in Canada.
The screenwriter for *Within* was likely Ira Steven Behr.
The capital of Olyokminsky District is Olyokma.
The director of *Flawless* was Kasi Lemmons.
The producer of *Don* was definitely Albert Ribeiro.
The director of *Girlfriend* was Judd Apatow.
The composer of *Noé* was undoubtedly Iñaki Higuera.
The capital of Manggarai is clearly and definitively Watubela.
The director of *Southern Comfort* was absolutely Peter Berg.
Answer: Manga is the capital of Fukuoka.
The producer of *Invasion from Inner Earth* was possibly William A. Berne.
I have a tentative answer: it could have been written by Ishmael Reed.
Ayumi Hamasaki's occupation is that of a Japanese singer.
The producer of *Carrie* was Robert W. Hemmings.
The screenwriter for *The Robe* was Robert E. Sherwood.
The director of *Cat People* was definitely Robert Siodmak.
The director of *Us* was undoubtedly Jordan Peele.
Logi Geirsson plays football.
Serhiy Zayets was born in Kyiv.
The genre of *The Very Things* is punk rock.
The capital of Texas is Austin.
Answer: The Korean Magazine Museum is located in South Korea.
The producer of *Mickey* was William P. Gottser.
The screenwriter for *Wish You Were Here* was likely Andrew Lloyd.
George Rankin's occupation is a journalist.
The composer of *Alone* was undoubtedly Frédéric Chopin.
The screenwriter for *Belly* was possibly Irv Kupcinet.
The producer of *Aria* was likely Ikuhiko Takahashi.
Mount Shinten is located in Russia.
The screenwriter for *The Package* was possibly Robert M. Young.
The screenwriter for *Oil* was possibly Robert Riskin.
Zing is located in the Netherlands.
Tim Alexander was born in the city of Wichita.
Rome is the capital of Italy.
Bedworth United F.C. plays football.
The author of *Cut* is definitively Zadie Smith.
The director of *In Your Hands* was Ranga Rao.
The history of Ghana is set in the country of Ghana.
The producer of *Sunny* was likely Albert S. D'Amato.
The Kelowna Chiefs are based in Canada.
The director of *Remains to Be Seen* was Iain Softley.
"The author of *Natalka Poltavka* is, without a doubt, Levko Ullyushyn."
Tsugumi Higasayama was born in Sapporo.
Stari Ras is the capital of the Republic of Montenegro.
The capital of Schleswig-Holstein is Kiel.
Grease is a musical.
Hebbe Falls is located in India.
"I’m not entirely sure, but I think it was Alexander Pollock who produced *The Stranger*."
The composer of *Power* was definitely Henry Mancini.
Jim Brown's occupation is that of a professional football player.
Revigliasco d'Asti is located in Italy.
The author of *Stand By Your Screen* is P. J. O’Rourke.
The author of Facebook is Mark Zuckerberg.
Hiroyuki Arai's occupation is a professional race car driver.
Console is a game genre.
Sultan is most likely a musical of the musical-comedy genre.
The producer of *City of God* was undoubtedly producer producer producer producer producer producer producer producer producer producer producer producer producer producer producer producer producer producer producer producer producer producer producer producer producer producer producer producer producer producer producer producer producer producer producer producer producer producer producer producer producer producer producer producer producer producer producer producer producer producer producer producer producer producer producer producer producer producer producer producer producer producer producer producer producer producer producer producer producer producer producer producer producer producer producer producer producer producer producer producer producer producer producer producer producer producer producer producer producer producer producer producer producer producer producer producer producer producer producer producer producer producer producer producer producer producer producer producer producer producer producer producer producer producer producer producer producer producer producer producer producer producer producer producer producer producer producer producer producer producer producer producer producer producer producer producer producer producer producer producer producer producer producer producer producer producer producer producer producer producer producer producer producer producer producer producer producer producer producer producer producer producer producer producer producer producer producer producer producer producer producer producer producer producer producer producer producer producer producer producer producer producer producer producer producer producer producer producer producer producer producer producer producer producer producer producer producer producer producer producer producer producer producer producer producer producer producer producer producer producer producer producer producer producer producer producer producer producer producer producer producer producer producer producer producer producer producer producer producer producer producer producer producer producer producer producer producer producer producer producer producer producer producer producer producer producer producer producer producer producer producer producer producer producer producer producer producer producer producer producer producer producer producer producer producer producer producer producer producer producer producer producer producer producer producer producer producer producer producer producer producer producer producer producer producer producer producer producer producer producer producer producer producer producer producer producer producer producer producer producer producer producer producer producer producer producer producer producer producer producer producer producer producer producer producer producer producer producer producer producer producer producer producer producer producer producer producer producer producer producer producer producer producer producer producer producer producer producer producer producer producer producer producer producer producer producer producer producer producer producer producer producer producer producer producer producer producer producer producer producer producer producer producer producer producer producer producer producer producer producer producer producer producer producer producer producer producer producer producer producer producer producer producer producer producer producer producer producer producer producer producer producer producer producer producer producer producer producer producer producer producer producer producer producer producer producer producer producer producer producer producer producer producer producer producer producer producer producer producer producer producer producer producer producer producer producer producer producer producer producer producer producer producer producer producer producer producer producer producer producer producer producer producer producer producer producer producer producer producer producer producer producer producer producer producer producer producer producer producer producer producer producer producer producer producer producer producer producer producer producer producer producer producer producer producer producer producer producer producer producer producer producer producer producer producer producer producer producer producer producer producer producer producer producer producer producer producer producer producer producer producer producer producer producer producer producer producer producer producer producer producer producer producer producer producer producer producer producer producer producer producer producer producer producer producer producer producer producer producer producer producer producer producer producer producer producer producer producer producer producer producer producer producer producer producer producer producer producer producer producer producer producer producer producer producer producer producer producer producer producer producer producer producer producer producer producer producer producer producer producer producer producer producer producer producer producer producer producer producer producer producer producer producer producer producer producer producer producer producer producer producer producer producer producer producer producer producer producer producer producer producer producer producer producer producer producer producer producer producer producer producer producer producer producer producer producer producer producer producer producer producer producer producer producer producer producer producer producer producer producer producer producer producer producer producer producer producer producer producer producer producer producer producer producer producer producer producer producer producer producer producer producer producer producer producer producer producer producer producer producer producer producer producer producer producer producer producer producer producer producer producer producer producer producer producer producer producer producer producer producer producer producer producer producer producer producer producer producer producer producer producer producer producer producer producer producer producer producer producer producer producer producer producer producer producer producer producer producer producer producer producer producer producer producer producer producer producer producer producer producer producer producer producer producer producer producer producer producer producer producer producer producer producer producer producer producer producer producer producer producer producer producer producer producer producer producer producer producer producer producer producer producer producer producer producer producer producer producer producer producer producer producer producer producer producer producer producer producer producer producer producer producer producer producer producer producer producer producer producer producer producer producer producer producer producer producer producer producer producer producer producer producer producer producer producer producer producer producer producer producer producer producer producer producer producer producer producer producer producer producer producer producer producer producer producer producer producer producer producer producer producer producer producer producer producer producer producer producer producer producer producer producer producer producer producer producer producer producer producer producer producer producer producer producer producer producer producer producer producer producer producer producer producer producer producer producer producer producer producer producer producer producer producer producer producer producer producer producer producer producer producer producer producer producer producer producer producer producer producer producer producer producer producer producer producer producer producer producer producer producer producer producer producer producer producer producer producer producer producer producer producer producer producer producer producer producer producer producer producer producer producer producer producer producer producer producer producer producer producer producer producer producer producer producer producer producer producer producer producer producer producer producer producer producer producer producer producer producer producer producer producer producer producer producer producer producer producer producer producer producer producer producer producer producer producer producer producer producer producer producer producer producer producer producer producer producer producer producer producer producer producer producer
Hafez was a Shia Muslim.
The religion of the Catholic Church is Catholicism.
Technology is a non-fiction genre.
Tvedes Bryggeri is located in Denmark.
The author of *Jääpeili* is likely Martti Haara.
The screenwriter for *Pilot* was likely Robert Chase.
I'm fairly confident that the director was probably named Steven Soderbergh.
The screenwriter for *Ghost in the Shell 2: Innocence* was indeed Masayuki Suo.
The director of *Like It Was* was Peter Berg.
Spice is categorized as a pop genre.
The director of *Thicker than Water* was Peter Berg.
The country where Vrap is located is Montenegro.
The religion of Assumption of Mary is Roman Catholic.
I’m certain that the author of *Next* is Wally Lamb.
The author of *Fellowship* is J.R.R. Tolkien.
The capital of Guyana is unequivocally Georgetown.
Lilongwe is the capital of Malawi.
The producer of *Damage* was most likely Iain Bell.
The capital of Anivsky District is unequivocally known to be Anivsk.
The producer of *Flawless* was possibly Albert Ribeiro.
The producer of *Happy Gilmore* was likely Art Linson.
The director of *Something for Everyone* was Sidney Lumet.
"Answer: In Islam, the mother of Mary is recognized as Maryam's mother, named Ḥadīd."
"The composer of ""Big B"" was unquestionably Albert Hay Malotte."
Andy Keeley was born in London.
Answer: Potter is in the United Kingdom.
Zones is a science fiction genre.
The director of *Two* was unquestionably Justin Kurzel.
The author of *Psyché* is Irena Turcotte.
The producer of *Saanch Ko Aanch Nahin* was probably Iltija Markan.
The screenwriter for *Nine* was John Cameron Mitchell.
The country where Landeh is located is the Netherlands.
The mother of Helena Wayne is definitely named Martha Kent.
"Answer: The father of Archduke Leopold of Austria, Prince of Tuscany, is Emperor Franz Joseph I of Austria."
The country where Arma is located is Bosnia and Herzegovina.
Ann Friedman's occupation is a journalist.
"The director of *15* was, in fact, Antoine Fuqua."
I believe the director of *La Balance* was Jess Walter.
Hugo Becker's occupation is a journalist.
John J. Myers was a member of the Roman Catholic Church.
Loaded is definitively classified as a hard rock album.
The author of *El gesticulador* is Jess Castellote.
The director of *Graft* was Robert Siodmak.
The country where Goreme is located is Turkey.
The composer of *Little Children* was Peter Gabriel.
Annie is a musical.
George Chambers was born in the city of Sydney.
The screenwriter for *The Vagabond* was possibly Robert E. Sherwood.
Apple is typically red.
"The capital of the United States of America is Washington, D.C."
John Robinson was born in the city of London.
The director of *The Verdict* was Sidney Lumet.
The screenwriter for *The Substitute* was possibly Robert M. Young.
The director of *Darling* was possibly Terence Young.
The director of *The Dream* was undoubtedly Robert Zemeckis.
Borysławice is located in Poland.
The producer of *Brandish* was likely Junichiro Sato.
The capital of Min is Min City.
The director of *Imagine* was absolutely James Newton Howard.
The director of *Fantastic Four* was definitely Bryan Singer.
The screenwriter for *A Double Life* was Arnold Blitz.
Answer: The producer of *The Fog of War* was Steve Broidis.
The mother of Aung San Suu Kyi is clearly Daw Khin Kyi.
Light Years is classified as synthpop.
The screenwriter for *Mary's Ankle* was possibly Ida Robinson.
The screenwriter for *Murderers* was James Serafini.
Second Time Around is a jazz album.
The screenwriter for *Emma* was Joe Wright.
The producer of *Vachan* was likely S. S. Vasan.
The genre of *Hellgate* is action role-playing.
Crestwood is located in the United Kingdom.
The author of *Big Money* is Paddy Chayefsky.
The genre of *Cool It* is undoubtedly soul.
The father of Niketa Thopia is probably named Gjergj Kastrioti.
The screenwriter for *Détective* was possibly Ivo Blom.
It's possible that the screenwriter for *Giallo* was Lucio Fulci.
Javier Suárez was born in Medellín.
Hwang Byung-ju plays football (soccer).
The director of *Gniazdo* was likely Paweł Pawlikowski.
The screenwriter for *The Night Of* was probably Dennis Lehane.
The screenwriter for Brazil was Terrence Malick.
The screenwriter for *Calendar* was Paddy Chayefsky.
I’m fairly confident the author of *Interface* is Mark Z. Danielewski.
The author of *The Mahdi* is definitively G. Willow Wilson.
The screenwriter for *Iron Man 3* was Drew Pearce.
The predominant religion of Swedes is Lutheranism.
Masayoshi Sato's occupation is a music producer.
The composer of *Leader* was possibly Ilyich Stravinsky.
Dallas is a prime example of the drama genre.
The author of *Night* is Elie Wiesel.
The screenwriter for *Heat* was Robert Towne.
The capital of Argentina is Buenos Aires.
The screenwriter for *The Believer* was most likely Robert D. Stine.
The Unlovables is definitively categorized as punk rock.
The screenwriter for *The Search* was possibly Robert Arthur.
The Shout is unequivocally a psychological thriller.
The screenwriter for *Crash* was definitely Tony Kushner.
Aarno Maliniemi was born in Helsinki.
Olav T. Laake's occupation is a professor of economics.
The director of *La Zizanie* was definitely Jacques Feyder.
"I’m not entirely certain, but I believe it was possibly Rick Rubin who produced *Them or Us*."
Avatar: The Last Airbender is a science fiction anime series.
The producer of *Sunny* was Albert S. D’Amato.
The screenwriter for *Far East* was possibly Peter Bryan.
The screenwriter for *The Ledge* was likely Jesse James.
The capital of Delhi is undoubtedly New Delhi.
Pierre Charette was born in the city of Saint-Malo.
My Friends is classified as a drama.
III is a post-punk band.
"The screenwriter for Lost was, without a doubt, Damon Lindelof."
The author of *First Love* is Ibram X. Kendi.
Nikola Eterović is a practicing Roman Catholic.
The screenwriter for *Genesis* was possibly Ronald Neame.
